product_id,category,brand,price,stock,has_delivery_info,spec_completeness,image_count,avg_rating,return_rate
PROD_000000,electronics,Generic,228.88,398,True,0.6154701866939896,7,5.0,0.13497918996397124
PROD_000001,toys,Generic,59.83,563,True,0.4645576094752165,4,4.2,0.03663356170282797
PROD_000002,beauty,Generic,97.59,808,True,0.8388160169855294,7,4.6,0.09036221113511564
PROD_000003,home,Generic,51.58,368,True,0.6729366407469038,5,4.2,0.06481633225081111
PROD_000004,home,BrandB,46.04,771,True,0.8168589026788611,7,4.3,0.07982501206486814
PROD_000005,sports,BrandD,25.04,626,True,0.9207532038509146,7,5.0,0.06680021120613516
PROD_000006,electronics,Generic,83.96,291,True,0.39480976794827993,1,5.0,0.09403681976718765
PROD_000007,toys,BrandB,23.3,912,True,0.8140823301780867,6,4.3,0.04251143181844752
PROD_000008,apparel,BrandC,106.23,434,True,0.44657123303392404,2,4.4,0.16058953564671488
PROD_000009,electronics,BrandD,161.63,150,True,0.6359429389715661,6,3.6,0.11171485951690338
PROD_000010,beauty,BrandB,78.77,962,True,0.9329572972489558,6,4.1,0.030420699424725188
PROD_000011,sports,Generic,41.01,913,True,0.902211109260838,2,4.4,0.1039110484258842
PROD_000012,toys,Generic,85.97,49,True,0.9459815374157691,1,4.9,0.0443403220936325
PROD_000013,toys,BrandA,40.1,902,True,0.5203721482909559,3,4.8,0.04212369013096169
PROD_000014,toys,Generic,139.15,947,True,0.8376367740112903,3,3.3,0.05214062271765462
PROD_000015,toys,Generic,8.75,829,True,0.8261619101289372,4,5.0,0.07985677757392588
PROD_000016,beauty,Generic,39.03,254,True,0.6225047337497756,1,4.1,0.05429752347220799
PROD_000017,electronics,Generic,7.46,631,True,0.6556621793193532,1,3.4,0.1180062094022506
PROD_000018,sports,Generic,12.24,538,True,0.5298935120720238,4,5.0,0.061339104600626415
PROD_000019,home,Generic,213.55,620,True,0.7347180979619672,6,5.0,0.05714583080272581
PROD_000020,beauty,BrandC,133.64,616,True,0.7895335196115432,3,4.4,0.02443180119920753
PROD_000021,home,BrandD,26.59,639,True,0.7483345674792137,3,4.8,0.10613702447344693
PROD_000022,apparel,BrandB,12.15,514,True,0.7496742957608482,2,4.8,0.19061126246263294
PROD_000023,sports,Generic,5.0,690,False,0.5801267207924781,2,5.0,0.07276758982151611
PROD_000024,toys,BrandD,31.71,526,True,0.6506485577262398,3,4.8,0.04871256712348689
PROD_000025,beauty,BrandC,614.26,16,True,0.6989381969206009,2,3.1,0.03349419647525333
PROD_000026,home,Generic,84.34,35,True,0.6746439660350304,3,5.0,0.06228277567238583
PROD_000027,toys,BrandD,31.2,958,True,0.7510704062830587,2,5.0,0.06920602062432361
PROD_000028,beauty,BrandC,86.93,909,False,0.8768926337953714,5,3.8,0.04424927558431374
PROD_000029,home,BrandB,11.46,585,True,0.6410288516319242,3,3.4,0.12162335488594928
PROD_000030,home,Generic,40.56,174,True,0.9147446342106375,6,4.6,0.10500719649033996
PROD_000031,apparel,BrandD,60.31,781,True,0.9235192778839797,5,4.0,0.20618960680933443
PROD_000032,electronics,BrandD,50.09,143,True,0.5630068070353637,5,4.5,0.1334271394989625
PROD_000033,beauty,BrandC,120.4,377,True,0.4770267233947073,5,4.8,0.04154681858985622
PROD_000034,sports,Generic,77.06,329,True,0.7995485284028108,7,3.7,0.10195581769059167
PROD_000035,electronics,Generic,106.52,12,False,0.7330008493111654,2,3.3,0.11302334610942684
PROD_000036,sports,Generic,27.43,807,True,0.8489126715759769,7,4.5,0.12260552101456725
PROD_000037,toys,Generic,134.0,509,True,0.8094984032993304,2,3.8,0.06808558766099841
PROD_000038,apparel,Generic,278.37,316,True,0.8577637795870213,1,4.3,0.1852472071720603
PROD_000039,beauty,Generic,20.69,507,True,0.7301053305414732,6,3.1,0.052541453248590185
PROD_000040,electronics,Generic,22.47,0,True,0.8143838925701588,7,4.0,0.15480532854721715
PROD_000041,toys,Generic,207.64,436,True,0.5614705047600547,1,4.8,0.031324993323264286
PROD_000042,toys,Generic,45.09,519,True,0.7046372940017276,5,4.7,0.09676575655337452
PROD_000043,home,Generic,222.25,339,True,0.7193808706168552,4,3.6,0.07627692385091725
PROD_000044,electronics,Generic,35.07,830,True,0.7736584771337323,2,3.3,0.09187702048368697
PROD_000045,sports,BrandA,233.94,249,True,0.43252651588581353,4,4.2,0.07495580536713888
PROD_000046,home,BrandA,62.27,137,True,0.5230100184807821,5,4.6,0.046983854745528346
PROD_000047,sports,Generic,70.68,527,True,0.7047698326277965,5,4.5,0.1030731349117128
PROD_000048,toys,Generic,261.05,887,False,0.6892611467972177,4,3.8,0.039234140993069606
PROD_000049,toys,Generic,38.02,375,False,0.6641614441625078,7,4.4,0.063373353324094
PROD_000050,toys,Generic,21.3,46,True,0.7022678337699596,2,5.0,0.08268434060331695
PROD_000051,apparel,Generic,34.86,969,True,0.5723698871118162,5,4.4,0.16655966142867726
PROD_000052,home,Generic,85.83,444,True,0.7455058605774292,3,2.9,0.07463792613951216
PROD_000053,home,BrandB,11.41,172,True,0.8614769965455685,7,4.4,0.053932667801679685
PROD_000054,home,BrandC,103.28,615,True,0.7862155492357873,2,5.0,0.07223285782097605
PROD_000055,electronics,Generic,31.86,319,True,0.48601386121374235,7,3.2,0.17148047250546744
PROD_000056,beauty,Generic,172.05,937,True,0.9350951340686141,5,4.2,0.06555866328220884
PROD_000057,electronics,Generic,5.0,293,True,0.9300533744303179,2,4.0,0.1147053916221279
PROD_000058,toys,Generic,24.86,550,True,0.8781193625855244,6,4.3,0.047766239276365696
PROD_000059,toys,Generic,10.11,543,True,0.8473019934459194,2,4.4,0.059147332086871326
PROD_000060,sports,BrandD,23.9,242,True,0.8385978763254884,2,5.0,0.09260101504387279
PROD_000061,toys,Generic,69.94,499,True,0.5103539148587642,3,4.3,0.05161860585708484
PROD_000062,home,BrandC,45.64,109,True,0.8556709185297878,5,5.0,0.09060118391542259
PROD_000063,sports,Generic,42.38,643,True,0.8364982808906096,3,4.1,0.07093105019879181
PROD_000064,home,Generic,46.56,758,True,0.8725213038482788,4,3.9,0.060832246500314636
PROD_000065,apparel,BrandD,66.91,950,True,0.6043157792764575,4,3.7,0.18740390914100408
PROD_000066,sports,Generic,19.91,325,False,0.801458605903811,2,2.7,0.06662716492871204
PROD_000067,home,BrandC,110.7,285,True,0.627778548404253,2,4.4,0.0945803450572508
PROD_000068,electronics,BrandB,105.92,548,True,0.902471083560172,3,5.0,0.11971438775206132
PROD_000069,home,BrandB,80.24,692,True,0.32752312613355017,2,4.6,0.04344181562565573
PROD_000070,toys,BrandA,95.25,992,True,0.7333932098775626,7,4.7,0.06218998251121893
PROD_000071,apparel,Generic,73.44,25,True,0.9178258778911065,3,3.9,0.1462970675082201
PROD_000072,home,Generic,417.83,238,True,0.6017477794956831,3,4.0,0.09386724019311322
PROD_000073,electronics,Generic,50.04,262,True,0.921815364193003,5,5.0,0.11502571341498807
PROD_000074,toys,Generic,40.16,255,False,0.7593803787223197,6,5.0,0.09702168433013639
PROD_000075,home,BrandB,25.7,463,True,0.7672115526818282,5,5.0,0.10142625688745215
PROD_000076,apparel,BrandB,19.45,872,True,0.8788338872592791,4,4.8,0.1587861498753635
PROD_000077,apparel,Generic,15.73,30,True,0.36170553948185163,7,4.2,0.13958520272317165
PROD_000078,beauty,BrandC,22.45,815,True,0.7751254909616677,7,4.4,0.034897974864172523
PROD_000079,toys,Generic,50.87,617,True,0.7085938100341029,2,3.6,0.035574827943392576
PROD_000080,sports,BrandB,76.27,615,True,0.8683943365844661,2,3.0,0.1265147617375419
PROD_000081,home,Generic,57.46,678,True,0.5435736593721422,3,3.3,0.07979370681439697
PROD_000082,electronics,Generic,25.39,115,True,0.6212737599495377,6,4.2,0.13866837608366334
PROD_000083,toys,BrandC,134.31,746,True,0.6747940827639983,7,4.0,0.05429938174898828
PROD_000084,beauty,BrandC,114.37,248,True,0.5753482731912966,5,3.0,0.046406650234387094
PROD_000085,toys,Generic,46.54,516,True,0.6963451074050746,5,4.2,0.05934745954982183
PROD_000086,electronics,BrandC,28.42,676,True,0.7080928372497015,2,3.9,0.14213078637184892
PROD_000087,apparel,Generic,94.48,603,True,0.7656778117089907,5,3.3,0.18623249511349196
PROD_000088,toys,Generic,65.89,323,True,0.6810009368670273,2,3.9,0.038853323130466695
PROD_000089,toys,BrandC,12.83,396,True,0.5873205242966826,4,3.9,0.09245028276172834
PROD_000090,home,Generic,51.01,476,True,0.6199517200979621,2,3.7,0.07414369002027374
PROD_000091,toys,Generic,70.95,41,True,0.5388546108441603,1,4.9,0.05088959752246703
PROD_000092,sports,BrandD,22.2,726,True,0.5820858828686033,7,2.7,0.033409893955019296
PROD_000093,home,Generic,66.01,99,True,0.7519373753623763,7,2.6,0.09268799182322675
PROD_000094,sports,BrandC,12.75,458,True,0.7177150361515652,5,4.2,0.09202025279323767
PROD_000095,apparel,BrandA,207.72,654,True,0.743836757035431,5,4.3,0.18199851313203805
PROD_000096,apparel,Generic,190.18,80,True,0.9470223356324908,2,4.5,0.17194350657778362
PROD_000097,toys,Generic,42.41,995,True,0.6925711664208192,5,3.8,0.04849564319734434
PROD_000098,beauty,BrandA,78.53,377,True,0.6868809891602448,6,3.5,0.042608391463391404
PROD_000099,electronics,BrandC,5.0,15,True,0.5653255962740997,4,4.2,0.1292632174225456
PROD_000100,toys,Generic,17.18,658,False,0.9855789846319185,2,3.8,0.07278235546066701
PROD_000101,apparel,Generic,40.7,557,True,0.9226630084573425,3,5.0,0.17537936823250802
PROD_000102,toys,BrandA,18.69,640,True,0.6987087313563313,6,3.9,0.07897874988633517
PROD_000103,electronics,BrandD,111.54,751,True,0.7726385229651709,2,4.2,0.11842051637965044
PROD_000104,toys,Generic,402.34,475,True,0.7975751180205221,7,5.0,0.04991547163752689
PROD_000105,toys,BrandD,16.83,826,True,0.5646284391246021,6,4.0,0.06396831149814729
PROD_000106,toys,BrandB,23.63,370,True,0.8971196347290371,7,4.6,0.03281227163012279
PROD_000107,beauty,BrandB,69.09,545,True,0.48654238627514884,4,4.7,0.05465436618158497
PROD_000108,home,Generic,273.45,158,True,0.7337259481398719,2,4.8,0.04915635788947257
PROD_000109,toys,Generic,16.08,619,True,0.7656702257302009,1,4.4,0.03944546080032471
PROD_000110,apparel,Generic,70.04,261,True,0.5536535096660076,4,4.4,0.1396261718656675
PROD_000111,toys,Generic,337.41,696,True,0.5707340865566701,3,4.3,0.05649766094656999
PROD_000112,beauty,Generic,10.47,801,True,0.8974739661956246,1,3.7,0.08219267404618188
PROD_000113,home,Generic,15.16,858,True,0.8375009624987232,7,4.5,0.0776584667783713
PROD_000114,beauty,Generic,35.74,929,True,0.9414595796468196,7,5.0,0.06287170758866255
PROD_000115,beauty,Generic,32.44,122,True,0.4231793368851999,3,5.0,0.09704627794624779
PROD_000116,electronics,Generic,123.05,137,False,0.5939834244226596,5,4.4,0.1280811169624019
PROD_000117,electronics,BrandC,69.52,926,True,0.7476298236604417,3,4.9,0.10469575910823956
PROD_000118,apparel,Generic,9.25,380,True,0.7693100737579058,4,3.5,0.16744862794528326
PROD_000119,electronics,Generic,91.42,26,True,0.8878670857162424,5,4.0,0.12001316416446012
PROD_000120,home,BrandA,30.64,286,True,0.7155269916507211,3,5.0,0.06734210709478151
PROD_000121,toys,Generic,195.28,836,True,0.41464395140031607,6,5.0,0.04883826000373136
PROD_000122,beauty,BrandC,29.15,354,True,0.5757826871934385,2,3.6,0.0697050781851898
PROD_000123,home,BrandB,28.89,76,True,0.781919980270062,5,3.8,0.10052312561544424
PROD_000124,sports,Generic,93.8,722,True,0.263436655473459,7,5.0,0.05706215035902672
PROD_000125,beauty,BrandC,117.09,194,True,0.8118576177662038,6,4.3,0.03363660964199561
PROD_000126,electronics,Generic,85.46,352,True,0.6993986930387123,1,5.0,0.11071991226173214
PROD_000127,toys,Generic,10.12,3,True,0.49771302016561836,1,4.4,0.07198177892330504
PROD_000128,beauty,Generic,93.51,601,False,0.6602424236418842,5,4.4,0.07286151177011313
PROD_000129,beauty,BrandC,19.41,445,True,0.3693884658093378,7,4.0,0.10403935868547769
PROD_000130,beauty,BrandC,69.08,867,True,0.9405263481411468,6,5.0,0.040686534074346775
PROD_000131,beauty,BrandC,13.15,334,True,0.8731020114606541,7,5.0,0.041685425713159426
PROD_000132,electronics,BrandB,85.31,204,True,0.6983175420146166,2,3.4,0.13177140031275428
PROD_000133,beauty,Generic,24.37,165,True,0.7828742752795134,4,3.9,0.03635566562090282
PROD_000134,toys,Generic,15.14,200,True,0.6536423845533798,6,4.9,0.05718076277018966
PROD_000135,apparel,BrandC,111.48,451,True,0.7192397812734751,5,4.1,0.17169923782432908
PROD_000136,beauty,Generic,69.52,87,True,0.753124796476215,6,3.8,0.01
PROD_000137,electronics,BrandD,29.55,402,True,0.7663510768915134,2,5.0,0.1224646646030309
PROD_000138,home,BrandA,233.03,854,True,0.6338940312208841,4,5.0,0.0763527808139442
PROD_000139,home,BrandB,35.14,767,False,0.8564026267442301,4,3.8,0.105424621005138
PROD_000140,sports,Generic,56.38,637,True,0.7033027401099701,7,4.4,0.0901098081507271
PROD_000141,apparel,Generic,71.44,893,True,0.8401685836430957,2,3.2,0.15490505043371655
PROD_000142,apparel,BrandC,29.38,780,False,0.8449538462672683,3,3.5,0.17483802254040953
PROD_000143,home,Generic,87.46,652,True,0.9384114972999379,1,4.3,0.03817834313726744
PROD_000144,sports,Generic,32.03,863,True,0.6909984539287299,2,4.2,0.06578164329600715
PROD_000145,sports,Generic,36.17,124,True,0.6433347764077649,7,3.4,0.10271011936305995
PROD_000146,electronics,BrandC,213.29,818,True,0.7808451383214554,6,3.6,0.11505319120092673
PROD_000147,apparel,BrandA,19.29,295,True,0.763369987084663,2,3.3,0.1984501647899613
PROD_000148,toys,Generic,5.0,733,True,0.9129155300912071,5,4.6,0.020662154982439042
PROD_000149,electronics,BrandD,273.4,913,True,0.4886752353302893,5,2.6,0.11515077205352493
PROD_000150,sports,Generic,698.77,496,True,0.8318983707719365,7,3.4,0.08048975003224429
PROD_000151,apparel,Generic,36.41,88,True,0.6850862781927933,3,2.7,0.1991169716522641
PROD_000152,sports,BrandB,7.87,370,True,0.37011009407169704,7,4.5,0.10345525536333244
PROD_000153,apparel,Generic,40.03,406,True,0.7284458190699937,3,2.8,0.19284504300176594
PROD_000154,home,Generic,41.01,936,True,0.7463210384140802,6,4.2,0.11082820076168202
PROD_000155,beauty,Generic,45.15,942,False,0.7043190440649297,3,5.0,0.04263825781426868
PROD_000156,electronics,Generic,17.93,568,False,0.28077772648843163,5,5.0,0.14670161670601436
PROD_000157,beauty,Generic,97.47,950,True,0.4342459020964845,3,2.8,0.02911587698240528
PROD_000158,beauty,Generic,92.25,436,True,0.8290663553381514,6,4.4,0.028382445004686126
PROD_000159,toys,Generic,12.25,411,True,0.7803638974304723,5,3.4,0.07505493142996678
PROD_000160,sports,Generic,109.86,836,True,0.9230526184452221,3,3.2,0.05990518523182396
PROD_000161,beauty,Generic,425.25,667,True,0.6584207637771224,7,4.1,0.06145531256837916
PROD_000162,home,BrandC,64.84,522,True,0.6027951561604383,5,5.0,0.08202626387442652
PROD_000163,home,BrandB,38.97,456,True,0.8418668534054814,4,4.7,0.10143705457309746
PROD_000164,home,BrandC,47.37,705,True,0.6694921587376436,1,3.6,0.07881112070090221
PROD_000165,toys,Generic,101.01,753,True,0.8811622294508386,7,4.8,0.06112097892591054
PROD_000166,apparel,Generic,9.67,490,False,0.8075956950123215,6,2.4,0.1901852998584981
PROD_000167,apparel,Generic,64.35,31,True,0.5549364154525332,5,3.6,0.16674700899880443
PROD_000168,home,BrandD,36.95,101,True,0.5285563654709586,6,3.5,0.06587587385019558
PROD_000169,electronics,Generic,346.48,144,False,0.8369646991121468,5,4.3,0.1294885887968684
PROD_000170,electronics,Generic,45.87,462,True,0.3714538954025165,2,4.0,0.11941424381738724
PROD_000171,electronics,BrandC,289.42,614,True,0.3226702244697745,2,4.1,0.11185372165391438
PROD_000172,toys,Generic,18.11,803,True,0.8961312478989558,1,4.1,0.05834431800604665
PROD_000173,toys,Generic,98.22,232,True,0.6904395808465537,1,4.2,0.0918911901567666
PROD_000174,toys,Generic,75.14,786,True,0.6536747091899222,6,4.6,0.051139631865202144
PROD_000175,home,BrandB,22.9,666,True,0.4952514548747399,6,4.3,0.0705596077343597
PROD_000176,toys,Generic,65.2,51,True,0.6759098959793813,2,4.0,0.025851115506750098
PROD_000177,electronics,Generic,183.56,351,True,0.9397414809495085,5,4.5,0.1191529412368577
PROD_000178,sports,Generic,39.5,302,True,0.5907548376046401,1,4.9,0.10313767022480784
PROD_000179,beauty,Generic,10.05,886,True,0.9656909086239496,3,3.8,0.06672396231361737
PROD_000180,sports,Generic,53.65,921,True,0.8002365419160767,6,4.2,0.09216435203261066
PROD_000181,electronics,BrandD,22.14,819,True,0.6592806013304863,6,5.0,0.13911667146161766
PROD_000182,home,Generic,38.77,528,True,0.648855946892011,7,3.3,0.09462460803760483
PROD_000183,toys,Generic,50.32,492,True,0.5803044012786626,3,5.0,0.08225900459384525
PROD_000184,home,Generic,9.92,311,True,0.9040191862597289,7,3.1,0.09968605310955124
PROD_000185,home,BrandA,10.85,772,True,0.6837159769602262,6,3.9,0.11139956392214502
PROD_000186,electronics,Generic,88.42,86,True,0.7658295152944232,3,3.4,0.116606136668675
PROD_000187,home,Generic,32.37,271,True,0.6962902177512021,3,5.0,0.05345883915276983
PROD_000188,apparel,BrandC,5.0,135,False,0.8201885275218611,1,3.8,0.1932743748737084
PROD_000189,apparel,Generic,119.68,494,True,0.779406145502836,7,3.8,0.1956110637864555
PROD_000190,toys,BrandD,71.69,299,True,0.5685385336946643,2,3.9,0.09139990786762278
PROD_000191,beauty,Generic,26.74,197,True,0.6594454981319077,2,4.3,0.07562580712339412
PROD_000192,beauty,Generic,14.63,376,True,0.6238667083552757,3,3.9,0.0889094491172913
PROD_000193,home,BrandD,125.94,860,True,0.7546298784285179,1,4.1,0.09239707960653067
PROD_000194,sports,Generic,77.43,558,False,0.8379735062863315,6,1.4,0.09457621183877256
PROD_000195,electronics,BrandD,591.46,823,True,0.45235022960414084,5,4.2,0.09230033757348506
PROD_000196,home,Generic,83.11,913,True,0.8107286370710906,2,4.2,0.08616193069028161
PROD_000197,electronics,Generic,80.46,902,False,0.8330059902909058,2,5.0,0.10894993286257364
PROD_000198,home,Generic,46.2,351,True,0.6345628898279969,1,5.0,0.08423020026864941
PROD_000199,sports,BrandA,123.57,877,True,0.5463170486386364,7,4.0,0.09109026372619312
PROD_000200,home,BrandC,102.01,909,True,0.7119179267465452,4,4.9,0.0894346717770027
PROD_000201,sports,Generic,190.9,959,True,0.8282662745592834,5,3.3,0.08805338580922978
PROD_000202,home,Generic,32.42,351,True,0.7716293622508826,2,4.8,0.0987004038146517
PROD_000203,toys,Generic,35.33,228,True,0.6868979168736565,2,3.7,0.01
PROD_000204,home,BrandA,33.81,584,True,0.6247684609214805,4,3.3,0.08379987150315689
PROD_000205,apparel,BrandD,120.4,931,True,0.9085492689356809,2,4.1,0.20404979558305122
PROD_000206,toys,Generic,244.29,900,False,0.6724218202370013,5,5.0,0.09740097016912429
PROD_000207,sports,BrandA,34.51,571,True,0.6949374161824536,7,4.3,0.10463922676770125
PROD_000208,apparel,BrandD,35.7,149,True,0.8958831399492837,3,5.0,0.21369766045165078
PROD_000209,toys,Generic,74.74,422,True,0.5999792747379886,5,3.6,0.06337871991517484
PROD_000210,apparel,BrandA,42.7,714,False,0.6307058648989003,7,5.0,0.18005725151854127
PROD_000211,toys,Generic,141.47,560,True,0.6074689349245722,7,3.7,0.07058831286455503
PROD_000212,toys,BrandC,5.74,345,True,0.3431966021288625,1,4.4,0.059936114342178694
PROD_000213,home,Generic,23.89,342,True,0.8110317431596253,1,4.4,0.06435285063965279
PROD_000214,toys,Generic,24.97,59,True,0.7792794091449123,7,4.7,0.04969519511736201
PROD_000215,apparel,Generic,5.36,288,True,0.4962050926336909,7,4.4,0.15775694187847686
PROD_000216,electronics,BrandC,20.83,669,True,0.8165790337892567,3,3.6,0.13056754189730488
PROD_000217,electronics,Generic,21.86,241,True,0.5684071854853329,4,4.9,0.12022783625000955
PROD_000218,home,Generic,44.65,993,True,0.8806786536447635,5,5.0,0.07279427766483805
PROD_000219,sports,BrandC,166.16,82,True,0.5006991308328271,5,3.7,0.07866632486325419
PROD_000220,electronics,BrandC,42.73,588,True,0.8239835418562601,6,2.7,0.13010112692399253
PROD_000221,home,BrandA,19.48,496,True,0.5221595449655043,3,4.6,0.0956089636122014
PROD_000222,toys,Generic,51.58,833,True,0.7582054715886748,7,3.9,0.03738972006989634
PROD_000223,apparel,Generic,155.89,887,False,0.7270911696399125,1,4.1,0.15424630660448763
PROD_000224,toys,Generic,20.57,543,True,0.5637921078848882,1,4.6,0.0790901991124203
PROD_000225,apparel,Generic,21.96,630,True,0.6852835098892841,7,3.8,0.15249733523022807
PROD_000226,toys,Generic,95.44,698,True,0.8177662593956279,2,4.0,0.07094973667644969
PROD_000227,beauty,Generic,43.75,520,True,0.7275533570279583,7,4.1,0.08233818397508026
PROD_000228,beauty,Generic,104.32,184,True,0.8090193236266068,3,5.0,0.0823846960678627
PROD_000229,apparel,Generic,53.86,428,True,0.6683162524849248,3,4.2,0.1947574518126418
PROD_000230,home,BrandC,110.13,241,True,0.721677112531514,1,3.2,0.09417619030644242
PROD_000231,sports,Generic,19.39,464,True,0.6874231083693736,7,3.2,0.1350381490039291
PROD_000232,electronics,Generic,53.94,615,True,0.8012787189501942,3,4.3,0.07331208674212458
PROD_000233,toys,BrandD,44.23,209,True,0.8844745990058476,2,3.3,0.0507132864783873
PROD_000234,home,Generic,16.19,249,True,0.5638797939510936,4,3.0,0.09696983698153203
PROD_000235,toys,BrandB,11.43,822,True,0.8184921433769021,2,4.7,0.05325425984316086
PROD_000236,beauty,Generic,108.39,377,True,0.9496346581329859,6,4.7,0.0747955661721407
PROD_000237,home,Generic,38.44,198,True,0.22872305766854986,1,3.9,0.07921291879379615
PROD_000238,apparel,Generic,19.64,713,True,0.6321419646603548,4,4.4,0.18263487720675195
PROD_000239,beauty,BrandD,49.59,716,False,0.6035812286754908,3,4.4,0.04450650671508125
PROD_000240,electronics,BrandB,168.68,826,False,0.599568832943228,1,4.7,0.10954978082383877
PROD_000241,beauty,BrandC,5.58,759,True,0.9419866076878362,1,4.7,0.03905780073704696
PROD_000242,electronics,BrandA,12.22,991,True,0.5307849841956954,4,2.1,0.12542332593673552
PROD_000243,beauty,BrandB,21.7,574,True,0.7928529230195923,3,4.0,0.03450870068354266
PROD_000244,beauty,BrandA,235.37,286,True,0.5667003814609812,1,4.6,0.06906409766982576
PROD_000245,electronics,Generic,72.43,862,True,0.6761075954065594,1,3.9,0.13306451849205647
PROD_000246,toys,BrandA,117.6,264,True,0.6639259661017457,6,4.2,0.0819883288193968
PROD_000247,home,BrandB,17.46,291,True,0.835830915712693,6,4.8,0.057421512880140024
PROD_000248,toys,Generic,17.82,828,False,0.7268655910885076,5,4.3,0.02601046906427112
PROD_000249,electronics,Generic,85.44,881,True,0.7662216203601202,6,5.0,0.11991628488736472
PROD_000250,apparel,Generic,57.87,339,True,0.7695630590193393,1,5.0,0.23797601227119042
PROD_000251,home,Generic,94.51,729,True,0.8590273935926906,5,4.1,0.10532417556189141
PROD_000252,apparel,Generic,45.26,922,True,0.9072246362476293,6,4.0,0.16891107382986573
PROD_000253,apparel,Generic,72.11,798,False,0.8461304105431525,2,1.9,0.18849024268862682
PROD_000254,beauty,Generic,63.95,4,True,0.655572914658828,4,3.9,0.06455173814887367
PROD_000255,electronics,Generic,118.84,664,True,0.8127603537526084,6,3.1,0.09263223518534276
PROD_000256,toys,Generic,122.36,169,True,0.8401821655831558,5,4.4,0.08739251738069209
PROD_000257,electronics,BrandD,10.81,846,True,0.7901873403500039,2,4.3,0.11665151746358118
PROD_000258,apparel,Generic,5.77,67,True,0.6110377971680933,5,4.8,0.1781863831078428
PROD_000259,beauty,BrandB,148.67,993,True,0.8824218592434798,6,5.0,0.05047569318867712
PROD_000260,toys,Generic,179.06,177,True,0.7191039806699447,1,4.2,0.0828908027861579
PROD_000261,apparel,BrandC,19.68,420,True,0.8681553062278015,4,5.0,0.16489635683597184
PROD_000262,apparel,BrandB,8.5,234,True,0.5857527041582455,4,4.4,0.14586059990431094
PROD_000263,sports,BrandC,60.28,813,True,0.7689310179903719,3,3.2,0.09645910585800088
PROD_000264,sports,Generic,138.5,393,True,0.8718062586462535,1,3.8,0.04912683827653742
PROD_000265,beauty,BrandD,329.51,744,True,0.9177629882160334,1,3.9,0.043977928097289204
PROD_000266,home,Generic,91.5,67,True,0.7564400787972981,6,4.7,0.10373748579717637
PROD_000267,home,Generic,37.65,452,True,0.8899542955582178,6,3.4,0.09158187807017476
PROD_000268,beauty,BrandA,22.35,911,True,0.8711572719872421,3,4.0,0.07084712131450552
PROD_000269,beauty,Generic,55.23,926,False,0.9239776958429632,7,4.1,0.06240702730405658
PROD_000270,apparel,BrandD,40.48,208,True,0.7495802015646391,7,3.8,0.22820668977566816
PROD_000271,electronics,BrandC,19.79,394,True,0.6633031126798998,5,4.8,0.1082352074468637
PROD_000272,electronics,Generic,423.59,409,True,0.5808735112679635,5,4.7,0.12796263354016646
PROD_000273,sports,Generic,325.44,565,True,0.689029323434708,7,5.0,0.08123759057574699
PROD_000274,home,BrandC,170.04,537,True,0.7273628263909526,5,3.9,0.09913602539829743
PROD_000275,home,Generic,21.74,105,True,0.8447493068260402,7,5.0,0.07876850247899009
PROD_000276,home,BrandC,128.38,762,True,0.8617864059682684,7,3.1,0.11437689758888091
PROD_000277,toys,Generic,103.51,225,False,0.7614956862661469,2,3.1,0.04938368089196047
PROD_000278,electronics,Generic,84.99,314,True,0.8894129378754817,5,3.2,0.14814253051433968
PROD_000279,electronics,Generic,190.5,840,True,0.4514095609304611,6,4.2,0.1318627906108794
PROD_000280,apparel,Generic,103.07,689,True,0.8089612950744847,6,5.0,0.17935077861826038
PROD_000281,home,BrandB,114.44,396,True,0.8986772493415146,3,3.7,0.0908488467571985
PROD_000282,toys,Generic,103.22,912,True,0.36146627052877633,7,3.8,0.06522528775058384
PROD_000283,home,Generic,76.77,394,True,0.5628917368748299,4,4.0,0.0871190936050362
PROD_000284,home,Generic,9.17,565,True,0.7219014716387385,3,4.7,0.07586257853811218
PROD_000285,sports,BrandA,59.36,245,True,0.8757959469244325,2,3.8,0.07596822984890017
PROD_000286,electronics,Generic,31.31,183,True,0.9781315369038844,3,3.8,0.11329857760074938
PROD_000287,beauty,Generic,15.18,491,True,0.7752387787342202,7,3.1,0.01633710044103555
PROD_000288,beauty,BrandA,293.48,563,True,0.8051539649194461,6,3.7,0.06683896665065252
PROD_000289,home,BrandC,307.66,805,True,0.8923221952371271,6,5.0,0.05529672055649041
PROD_000290,toys,Generic,212.56,390,True,0.8335249699324355,7,4.3,0.055647058895286004
PROD_000291,apparel,Generic,70.47,895,True,0.6596192525589526,2,3.6,0.19296090082962067
PROD_000292,sports,BrandC,210.74,607,True,0.5570882455142722,5,5.0,0.10678793434199822
PROD_000293,apparel,Generic,55.26,70,True,0.8946331528961841,3,3.7,0.1445069612632552
PROD_000294,beauty,Generic,66.87,739,True,0.9252175702928966,6,5.0,0.048163038495498446
PROD_000295,beauty,Generic,18.29,574,True,0.7557205393225447,3,5.0,0.05919489398897645
PROD_000296,sports,Generic,81.21,389,True,0.941757362576809,6,4.2,0.09104032218524653
PROD_000297,home,Generic,58.0,467,False,0.9737794161282807,6,3.0,0.1068814991534709
PROD_000298,apparel,Generic,14.84,301,True,0.914461337485686,6,5.0,0.16356386200170794
PROD_000299,electronics,Generic,51.87,614,True,0.4671245443553006,7,4.5,0.07901917739619606
PROD_000300,home,Generic,50.41,566,False,0.9236665412862431,6,3.9,0.09620652033537043
PROD_000301,toys,Generic,329.49,447,True,0.5261539517857201,3,5.0,0.04925827760763025
PROD_000302,electronics,Generic,133.51,285,True,0.5366246643581151,4,4.8,0.08482918804828003
PROD_000303,sports,Generic,55.23,398,True,0.8743843718520583,4,5.0,0.08682975218867052
PROD_000304,beauty,BrandA,70.02,497,True,0.6302418788251395,1,3.7,0.07461115951863403
PROD_000305,electronics,Generic,57.07,471,True,0.6413374261141046,5,4.5,0.09473494764374603
PROD_000306,apparel,Generic,44.57,309,True,0.8423696566655257,4,3.3,0.22671991907894534
PROD_000307,beauty,Generic,18.5,581,True,0.38791335030824237,3,4.7,0.033242368109266764
PROD_000308,apparel,Generic,46.94,226,True,0.9078219927227988,1,4.2,0.181740217082515
PROD_000309,electronics,Generic,25.89,500,True,0.9057433671916859,4,4.4,0.09561735164304783
PROD_000310,beauty,Generic,15.64,121,False,0.9656312009397793,5,4.1,0.05083220697392029
PROD_000311,toys,Generic,91.03,472,True,0.8894303616413936,1,4.0,0.057325043564826456
PROD_000312,electronics,BrandB,80.74,783,True,0.8446690681456576,5,3.5,0.09021012195337826
PROD_000313,apparel,BrandC,9.15,817,True,0.7808350293789795,2,4.8,0.2365165393790182
PROD_000314,apparel,BrandA,48.29,694,True,0.5591733301768478,2,5.0,0.1700932566196261
PROD_000315,beauty,BrandA,147.78,745,True,0.6649650682110076,3,3.8,0.040110748853879434
PROD_000316,toys,Generic,157.47,65,True,0.9449797365949397,3,4.6,0.07938071758707309
PROD_000317,toys,Generic,152.3,341,True,0.855250911723837,7,4.5,0.09628509766696937
PROD_000318,sports,Generic,56.76,654,True,0.9152998104173485,1,4.2,0.11252873736008605
PROD_000319,toys,BrandA,23.45,800,True,0.8016187669824824,3,3.0,0.03597639753946827
PROD_000320,apparel,Generic,18.47,582,True,0.7249057901572965,6,3.2,0.18427818018989325
PROD_000321,electronics,BrandB,77.06,853,True,0.8032857022161227,2,3.6,0.08237255035230011
PROD_000322,beauty,Generic,79.78,273,True,0.7247987464741876,7,2.5,0.06803410162644713
PROD_000323,sports,BrandB,197.81,153,True,0.7189130576352669,6,5.0,0.057296237229390756
PROD_000324,sports,Generic,164.02,86,True,0.8732386937855694,7,4.5,0.07393597352781525
PROD_000325,apparel,BrandD,47.84,582,False,0.29008728984287874,7,4.2,0.17993596991937377
PROD_000326,apparel,Generic,15.73,665,True,0.8244855302379687,1,2.4,0.18890013122282023
PROD_000327,electronics,Generic,39.68,285,True,0.8014094746365187,4,2.7,0.11478130753209362
PROD_000328,electronics,Generic,67.85,783,True,0.9379840749581455,6,4.2,0.15038167353465762
PROD_000329,beauty,BrandC,44.61,739,True,0.714325498409543,1,5.0,0.0644647916438456
PROD_000330,beauty,Generic,30.63,360,True,0.841999453955449,4,3.6,0.06289449508128417
PROD_000331,home,Generic,70.31,238,True,0.7422416038784383,5,4.9,0.05541198196030673
PROD_000332,apparel,Generic,32.98,742,True,0.8092026522637413,6,3.8,0.21398735795090804
PROD_000333,toys,Generic,29.13,671,True,0.7911797874128704,3,4.2,0.04393869711442976
PROD_000334,home,Generic,74.55,170,False,0.6322990942704404,7,5.0,0.11475084865974189
PROD_000335,toys,BrandC,36.53,255,False,0.4567283187389181,5,3.9,0.10044390113851143
PROD_000336,sports,BrandC,69.69,485,True,0.8078803385613567,1,3.6,0.10025313064727549
PROD_000337,apparel,BrandC,71.75,511,True,0.6984057930852225,2,5.0,0.20064026195358842
PROD_000338,apparel,BrandC,17.47,165,True,0.7188375993907409,7,4.2,0.11834160473886261
PROD_000339,sports,Generic,33.74,948,True,0.7449699505641688,1,5.0,0.08609995169019245
PROD_000340,beauty,Generic,229.93,388,True,0.89498082543293,1,3.7,0.0720433127983908
PROD_000341,apparel,Generic,17.08,381,True,0.8949770977085747,3,5.0,0.19849020536628167
PROD_000342,beauty,Generic,6.58,60,True,0.4617015378811794,7,4.4,0.02560553323800245
PROD_000343,beauty,Generic,8.48,875,True,0.5292959736258787,5,4.5,0.04412555920264253
PROD_000344,sports,Generic,56.21,235,True,0.7769665577082413,2,4.3,0.03927268989597706
PROD_000345,apparel,Generic,56.31,986,True,0.7458450435851982,3,3.8,0.18825985680345506
PROD_000346,sports,BrandC,48.54,496,True,0.4900037306679985,7,4.2,0.05233343197546352
PROD_000347,sports,Generic,183.86,874,True,0.8242508960187135,2,3.8,0.11260955685575143
PROD_000348,apparel,Generic,5.0,179,True,0.7975679550101878,5,5.0,0.20365449721434817
PROD_000349,electronics,BrandD,81.12,165,True,0.8802817636844287,4,4.0,0.11051266371187002
PROD_000350,beauty,Generic,260.2,801,False,0.8539011216513283,6,3.0,0.060425518609081776
PROD_000351,electronics,Generic,17.68,819,True,0.8159986648308711,6,2.9,0.11565802551878983
PROD_000352,apparel,Generic,37.34,543,False,0.36968133874906917,6,2.8,0.1848381679002973
PROD_000353,home,Generic,25.72,32,True,0.9244930634781306,1,4.7,0.057054811535137
PROD_000354,sports,Generic,22.32,943,True,0.46003178444011755,4,3.3,0.10244985246479818
PROD_000355,sports,BrandC,39.4,393,True,0.6506324265544025,5,4.4,0.05717629539551167
PROD_000356,electronics,BrandD,227.58,935,True,0.8130528443802137,3,4.3,0.08340139675341236
PROD_000357,sports,Generic,342.88,870,True,0.8284289190167434,5,4.1,0.08756143366666017
PROD_000358,electronics,Generic,39.02,851,True,0.5057689336228083,5,4.6,0.1157751344077744
PROD_000359,toys,Generic,366.89,688,True,0.8256774783982608,3,4.3,0.065446034611035
PROD_000360,sports,Generic,56.58,673,True,0.8776926084052964,1,2.0,0.07700985019527341
PROD_000361,sports,Generic,315.35,532,False,0.8308372001661173,7,3.9,0.1277138333157118
PROD_000362,apparel,Generic,49.73,24,False,0.8077832723305389,6,4.5,0.18321209978758884
PROD_000363,sports,BrandD,62.24,387,True,0.5155038519170885,7,5.0,0.0946576355703245
PROD_000364,electronics,BrandD,78.69,730,True,0.815648301984351,3,5.0,0.12394467754814091
PROD_000365,beauty,BrandB,1311.4,812,True,0.7827305224586373,3,3.1,0.07005819737896156
PROD_000366,home,BrandB,127.9,559,True,0.9475706739045238,3,3.9,0.09152034828968929
PROD_000367,apparel,Generic,26.92,709,True,0.5975698684709796,1,2.9,0.18884035799416557
PROD_000368,electronics,Generic,143.88,21,True,0.7275862070452381,2,5.0,0.1347196820973118
PROD_000369,toys,BrandC,38.02,468,True,0.7555013805217151,3,5.0,0.023507707259056168
PROD_000370,home,Generic,33.46,507,True,0.6949953238368978,7,4.5,0.044263046988284455
PROD_000371,beauty,Generic,135.45,892,True,0.9521936123892577,2,4.3,0.048478825093971126
PROD_000372,home,BrandA,56.32,311,True,0.8166835133152321,4,5.0,0.07604652234636196
PROD_000373,home,BrandD,72.14,229,True,0.7375630945843363,4,5.0,0.09159619688096417
PROD_000374,sports,BrandB,55.37,352,True,0.6488373166227027,3,5.0,0.0904003380436701
PROD_000375,electronics,Generic,76.45,170,True,0.9014115031605903,7,4.6,0.13163729868908422
PROD_000376,toys,BrandC,83.51,558,True,0.7627594029991329,1,3.9,0.03508809460877428
PROD_000377,toys,BrandA,7.87,642,False,0.5839311893492581,7,4.8,0.059785108591826105
PROD_000378,home,BrandA,106.33,801,True,0.8307497435741652,6,4.9,0.053178865240844315
PROD_000379,apparel,Generic,20.45,971,True,0.5104951895393313,3,4.0,0.18773715868742802
PROD_000380,electronics,BrandA,12.91,73,True,0.8438942266749232,6,3.9,0.08243429915273358
PROD_000381,sports,Generic,51.5,247,True,0.775089386139764,4,5.0,0.0969662019708176
PROD_000382,sports,BrandB,59.38,300,True,0.8424765302030177,7,5.0,0.060620012382057754
PROD_000383,apparel,Generic,27.29,249,True,0.6809248497854711,1,3.6,0.17232944413556409
PROD_000384,electronics,Generic,125.34,827,True,0.8090543548754539,1,4.0,0.13789855382898497
PROD_000385,electronics,Generic,14.27,139,True,0.9398784550292556,4,4.5,0.12454759977196835
PROD_000386,electronics,BrandA,36.34,29,True,0.5118352491519158,7,4.6,0.08708679552551397
PROD_000387,toys,Generic,30.42,860,True,0.5840194202658271,1,3.8,0.04655212310611952
PROD_000388,sports,Generic,52.11,961,True,0.5216445677204262,6,5.0,0.059972429490463955
PROD_000389,electronics,BrandA,72.16,226,True,0.8312674308459683,7,4.5,0.08610483000789612
PROD_000390,toys,BrandB,19.93,332,True,0.8275146783422677,4,4.6,0.06235326352267948
PROD_000391,apparel,Generic,112.65,503,True,0.38664217555739494,7,5.0,0.19120596687120206
PROD_000392,home,Generic,58.15,525,True,0.7532463221697926,6,3.8,0.08881211841431379
PROD_000393,beauty,BrandB,8.23,990,True,0.5694927608598583,2,4.1,0.06205253629759502
PROD_000394,toys,BrandC,7.7,404,True,0.8040217565768619,6,3.2,0.05976178298228363
PROD_000395,sports,Generic,53.93,12,True,0.49234624703708574,5,4.1,0.08453219562500064
PROD_000396,electronics,Generic,43.77,422,True,0.6622795104197872,1,3.0,0.09853861345875371
PROD_000397,apparel,Generic,49.23,556,True,0.8823272037850647,4,4.8,0.17119840656499002
PROD_000398,apparel,Generic,53.09,516,True,0.7832125999079728,5,4.5,0.15357303229347657
PROD_000399,apparel,Generic,68.41,512,True,0.6001966995445941,6,4.0,0.1630966894574616
PROD_000400,sports,BrandD,140.84,922,True,0.3911862451765458,6,4.1,0.09177853740876084
PROD_000401,toys,Generic,17.97,807,True,0.6533554173470987,4,4.8,0.05764387824918155
PROD_000402,apparel,BrandD,16.91,251,True,0.7458925546623119,3,3.3,0.24129456075789552
PROD_000403,sports,BrandC,18.3,355,True,0.997489553978292,2,4.4,0.06308408804989984
PROD_000404,home,BrandA,72.89,667,True,0.8913597625399557,1,4.8,0.07749802558336435
PROD_000405,beauty,BrandD,189.61,410,True,0.67912814941352,5,2.8,0.021525357775925517
PROD_000406,home,Generic,35.47,428,False,0.9063004960613295,7,4.7,0.07224428248060098
PROD_000407,electronics,BrandA,5.0,167,True,0.7478147552991635,1,2.9,0.1130581363576963
PROD_000408,sports,Generic,9.93,254,True,0.7917568715219179,5,4.1,0.10689760052466277
PROD_000409,electronics,Generic,23.74,740,True,0.9524863054237098,5,3.3,0.11100666921564158
PROD_000410,apparel,Generic,31.26,842,True,0.4843957092356417,2,5.0,0.17617360799887682
PROD_000411,apparel,Generic,36.29,784,False,0.6506282342666051,2,3.3,0.1713936407505556
PROD_000412,apparel,Generic,56.75,307,True,0.7615980670349642,2,2.9,0.1519789651188558
PROD_000413,electronics,Generic,39.97,136,True,0.8536487335728742,5,4.3,0.10695795256413784
PROD_000414,electronics,BrandB,155.92,159,False,0.7565273034398114,3,3.9,0.11236126569832364
PROD_000415,toys,Generic,27.77,393,True,0.8734524564347936,6,3.0,0.061476517668127686
PROD_000416,sports,Generic,23.05,517,True,0.9167827794469511,3,4.6,0.1011789457444965
PROD_000417,electronics,BrandC,88.14,892,True,0.9316448542503464,1,2.6,0.11530806980577941
PROD_000418,apparel,BrandA,11.76,898,True,0.7898516540579525,1,3.4,0.17495647472037307
PROD_000419,beauty,BrandC,80.62,2,True,0.752305354129728,3,3.7,0.015583736830258942
PROD_000420,sports,Generic,60.49,707,True,0.9092509838688684,3,4.8,0.10079469034512702
PROD_000421,toys,Generic,47.11,298,True,0.7838134194831938,6,5.0,0.04608204225699918
PROD_000422,toys,BrandB,267.27,197,True,0.7954154854904881,4,5.0,0.07494246476459551
PROD_000423,beauty,Generic,29.31,555,True,0.7777824917398223,2,4.1,0.07632879895708392
PROD_000424,home,Generic,428.5,33,True,0.8519134931308864,2,2.3,0.0762416994661399
PROD_000425,apparel,BrandC,43.58,334,True,0.6987923379705743,4,4.5,0.15953377438468214
PROD_000426,sports,Generic,15.23,552,False,0.8612484947089546,3,5.0,0.08966602773827403
PROD_000427,toys,BrandA,58.55,272,True,0.7183817912637699,5,5.0,0.06697403996037277
PROD_000428,electronics,Generic,18.61,593,True,0.7002138359777642,7,4.6,0.11368959997506557
PROD_000429,toys,Generic,25.75,460,True,0.5179053565705496,3,3.2,0.04871923181241352
PROD_000430,electronics,BrandA,81.21,799,True,0.886785433320138,4,3.8,0.13127064421394827
PROD_000431,toys,Generic,95.16,181,False,0.640591789043856,6,5.0,0.0699515654938839
PROD_000432,toys,Generic,29.31,57,True,0.7052167516005701,2,3.1,0.053074207193456846
PROD_000433,electronics,Generic,146.56,529,True,0.38098097991907637,4,3.3,0.0869186766947862
PROD_000434,home,Generic,173.73,256,True,0.7818749774467769,3,5.0,0.08912756370758905
PROD_000435,electronics,Generic,229.59,706,True,0.6277758404871924,5,3.9,0.10465345613117247
PROD_000436,beauty,BrandA,92.7,93,True,0.7865072278617885,6,3.3,0.054286821507406186
PROD_000437,sports,Generic,213.46,575,True,0.6139712431699862,1,5.0,0.09302314463358073
PROD_000438,electronics,Generic,8.32,989,True,0.7176739131208926,2,4.6,0.0822210514591467
PROD_000439,home,Generic,39.73,93,False,0.3847145889583028,1,3.9,0.08162163368823147
PROD_000440,sports,Generic,22.94,301,False,0.87210204236489,1,3.3,0.1002906505074891
PROD_000441,apparel,Generic,61.51,844,True,0.6142324660978937,1,5.0,0.19274304830620972
PROD_000442,electronics,BrandB,30.83,533,False,0.5348260565531873,5,4.2,0.12234731502192625
PROD_000443,home,Generic,46.24,174,True,0.992325894942755,7,5.0,0.0404562791210082
PROD_000444,beauty,BrandA,358.59,213,True,0.6943302501906565,3,4.9,0.07554162124373275
PROD_000445,beauty,Generic,46.08,764,True,0.653696276226614,7,3.8,0.05822045335085161
PROD_000446,apparel,Generic,82.58,860,False,0.3980541888750047,6,3.8,0.15593361341259043
PROD_000447,sports,Generic,43.28,360,False,0.8205414166048866,6,5.0,0.07424473919683452
PROD_000448,beauty,Generic,58.89,473,True,0.8322447257726359,6,5.0,0.054624484185890415
PROD_000449,apparel,BrandD,54.93,782,True,0.7558375598146893,2,2.7,0.1935956838659651
PROD_000450,sports,Generic,85.48,176,True,0.9096089862772989,4,4.6,0.08024074287304596
PROD_000451,sports,Generic,175.09,206,True,0.7384977150111786,4,4.1,0.10651050814758149
PROD_000452,home,BrandD,283.55,774,True,0.8364314664325012,5,3.4,0.044144663417996444
PROD_000453,electronics,BrandB,74.41,186,True,0.5982750408963775,6,4.4,0.09915081977812425
PROD_000454,beauty,BrandC,98.45,770,True,0.5872980137551773,1,3.1,0.01
PROD_000455,beauty,Generic,17.27,497,True,0.8807957412577521,5,3.8,0.03205189714260614
PROD_000456,electronics,Generic,50.01,990,True,0.48884774626692334,6,3.6,0.1501615436908819
PROD_000457,beauty,Generic,139.81,32,True,0.6920606114690996,1,3.8,0.09115604469170806
PROD_000458,sports,BrandC,129.8,945,False,0.5817937674075682,3,4.1,0.09469180936460884
PROD_000459,electronics,Generic,67.47,225,True,0.7886213660891991,7,3.4,0.1072314158546289
PROD_000460,toys,BrandD,132.48,35,True,0.5489134662109012,1,5.0,0.05556720198298113
PROD_000461,electronics,Generic,89.19,724,True,0.7960719896190853,2,4.6,0.12946679781666043
PROD_000462,toys,BrandC,181.33,532,False,0.49965296564612754,6,5.0,0.02874038296721835
PROD_000463,home,Generic,72.92,837,True,0.6282320078516941,2,4.1,0.06855001648037591
PROD_000464,electronics,Generic,38.26,108,True,0.8028167767686246,5,3.8,0.148697861489005
PROD_000465,sports,BrandC,76.39,80,True,0.9092519142247916,7,5.0,0.06908579861343274
PROD_000466,electronics,Generic,5.0,567,True,0.7453744866597417,4,3.7,0.10501950201476913
PROD_000467,beauty,Generic,80.07,882,True,0.48049377216614764,4,4.1,0.050263873119628814
PROD_000468,apparel,BrandB,5.0,405,True,0.8423780072872967,4,4.8,0.18566284519009418
PROD_000469,sports,BrandA,9.74,797,True,0.7514801048008569,3,3.2,0.07749991907601055
PROD_000470,toys,Generic,85.78,906,True,0.4883849572605332,3,4.8,0.061539287665039105
PROD_000471,toys,BrandD,88.02,869,False,0.7921095515147263,4,4.7,0.0721587906747888
PROD_000472,home,BrandA,17.07,508,False,0.9147631216257864,7,5.0,0.11922903647527294
PROD_000473,home,Generic,26.79,698,True,0.8018059922347178,7,4.9,0.07747511241130438
PROD_000474,beauty,Generic,214.98,525,True,0.5625937331525777,7,5.0,0.049174053693188745
PROD_000475,toys,BrandC,33.65,674,True,0.8863993939942079,1,4.1,0.09054904691959022
PROD_000476,sports,BrandD,514.36,567,False,0.4035087373328787,3,3.5,0.0790166828340381
PROD_000477,electronics,Generic,54.49,525,True,0.9125987565898831,6,5.0,0.09351293934475638
PROD_000478,beauty,Generic,82.11,436,True,0.9143239187392584,4,3.0,0.05500497951317925
PROD_000479,electronics,Generic,275.03,652,True,0.8896169804794413,3,3.1,0.1415235005017583
PROD_000480,apparel,Generic,62.24,751,True,0.32190754492355683,3,4.7,0.1872209427039937
PROD_000481,toys,Generic,20.04,919,True,0.8468722429571367,1,5.0,0.05805968684905508
PROD_000482,apparel,Generic,48.92,613,True,0.46362811922762875,3,4.4,0.15103213253730322
PROD_000483,toys,BrandB,52.69,100,True,0.84736748985442,3,5.0,0.058832615094632536
PROD_000484,home,Generic,13.95,587,True,0.5986688999118255,3,2.6,0.10466309852632673
PROD_000485,apparel,Generic,42.27,315,True,0.7805108971736369,4,3.8,0.15531765836921557
PROD_000486,home,BrandB,25.99,26,True,0.9074259914374524,2,2.7,0.07510505652393458
PROD_000487,beauty,BrandB,137.6,72,True,0.540750350946458,2,4.8,0.04225030535683279
PROD_000488,toys,Generic,56.52,591,True,0.7593452753035751,7,3.0,0.04604590858724509
PROD_000489,beauty,BrandA,41.15,944,True,0.7892058171311689,3,3.2,0.05495846009038012
PROD_000490,sports,BrandC,49.1,505,True,0.8103734140658675,2,4.6,0.09886610482512015
PROD_000491,sports,BrandB,68.25,445,True,0.5945044420401084,5,5.0,0.09865653809586873
PROD_000492,toys,Generic,101.17,88,True,0.4721105198479608,4,4.1,0.0404638047276975
PROD_000493,beauty,Generic,20.09,675,True,0.6742822310314791,5,4.7,0.017080326113326348
PROD_000494,apparel,Generic,19.27,55,True,0.37359639627839275,2,4.6,0.18524776873061458
PROD_000495,home,BrandC,164.79,841,True,0.7622276438823606,6,4.0,0.06988161917034696
PROD_000496,electronics,BrandA,36.15,816,True,0.8864309299095412,2,3.3,0.15676624759373572
PROD_000497,home,Generic,13.24,991,False,0.656556229800374,6,4.7,0.11769019392029892
PROD_000498,sports,BrandD,85.1,284,False,0.8035445047861404,3,4.7,0.1298137958879208
PROD_000499,home,Generic,86.78,161,True,0.5092087625436433,3,4.9,0.06119778197930574
PROD_000500,electronics,BrandB,11.81,299,True,0.5621463200026778,3,4.4,0.13138738173484188
PROD_000501,beauty,BrandA,68.68,799,True,0.557165819050632,3,3.3,0.06741905034502968
PROD_000502,sports,BrandC,113.93,218,True,0.6521299588902267,5,4.8,0.10516708467088803
PROD_000503,sports,Generic,79.39,887,True,0.6259083505683619,4,4.2,0.08291204111612283
PROD_000504,apparel,BrandD,102.72,154,True,0.7403850832007445,1,3.8,0.2055832980593065
PROD_000505,home,Generic,13.41,48,True,0.7335703465832325,4,4.0,0.08000949972733046
PROD_000506,beauty,BrandD,76.02,219,True,0.8609347690021674,2,3.6,0.05256212249870879
PROD_000507,apparel,Generic,40.34,754,True,0.5820885846717042,1,4.9,0.14924333096445713
PROD_000508,apparel,Generic,33.69,602,False,0.9543185881990606,6,3.1,0.19289529939145977
PROD_000509,apparel,BrandA,130.39,354,True,0.49717472695948955,3,3.4,0.17479176572855176
PROD_000510,sports,Generic,239.67,656,True,0.9120081500127537,5,3.9,0.0992955772420105
PROD_000511,toys,BrandD,328.45,648,True,0.6086303179103326,2,5.0,0.06470227399609237
PROD_000512,sports,Generic,203.33,554,False,0.695948055458681,3,5.0,0.09361873153327542
PROD_000513,toys,BrandB,48.92,514,True,0.817972593617363,3,2.9,0.059085728550666315
PROD_000514,sports,Generic,77.69,101,True,0.9428864401417423,1,5.0,0.10573199469320908
PROD_000515,electronics,Generic,117.55,259,True,0.5187974310163972,7,5.0,0.11602214926229867
PROD_000516,sports,BrandA,61.63,527,True,0.5727677047695375,3,3.3,0.06089605161094033
PROD_000517,electronics,Generic,62.23,135,True,0.7778135666035892,5,2.2,0.1313791121274787
PROD_000518,home,Generic,124.43,475,True,0.6608098863694639,4,4.1,0.06381988950176723
PROD_000519,beauty,BrandC,51.46,116,True,0.6542487909386967,4,5.0,0.02351476314635721
PROD_000520,home,Generic,26.33,787,True,0.3591948621897462,5,5.0,0.05955513331714803
PROD_000521,electronics,Generic,36.07,103,True,0.9197245287248803,4,3.5,0.1256666475871384
PROD_000522,apparel,Generic,102.92,92,True,0.8426508538969734,1,5.0,0.178069623938103
PROD_000523,toys,Generic,54.76,637,True,0.924739308303012,5,2.4,0.017346339406543048
PROD_000524,apparel,BrandA,76.72,220,True,0.9249528137970002,1,3.9,0.1723268811389466
PROD_000525,apparel,Generic,106.71,351,True,0.6725891318745892,4,3.9,0.2033846244994953
PROD_000526,sports,Generic,37.53,314,True,0.8136608692841272,3,5.0,0.08097408658133243
PROD_000527,electronics,BrandB,116.31,216,True,0.6994545733497078,4,5.0,0.11669046893144815
PROD_000528,sports,BrandD,79.75,761,True,0.7976505392508149,1,5.0,0.11085982874654306
PROD_000529,sports,Generic,15.88,691,True,0.9632545789645186,5,3.1,0.10590978516409072
PROD_000530,beauty,BrandA,230.97,238,True,0.7491252585078498,3,4.9,0.07043502175303422
PROD_000531,electronics,Generic,33.09,686,True,0.7257679629987296,1,4.6,0.06454892779892593
PROD_000532,electronics,Generic,10.43,713,False,0.6507022005724311,1,2.9,0.15467046076884222
PROD_000533,apparel,BrandD,19.2,539,True,0.6128472980251823,4,2.5,0.19272800870855858
PROD_000534,beauty,Generic,19.67,578,False,0.9013673196588452,5,5.0,0.099229528280483
PROD_000535,electronics,Generic,57.52,934,True,0.512706755796977,4,4.1,0.10435347938451432
PROD_000536,home,Generic,41.52,453,True,0.49099750045225354,6,3.2,0.044730987887021796
PROD_000537,electronics,BrandB,38.98,385,True,0.9114577922804844,6,4.0,0.12014436913450352
PROD_000538,beauty,BrandA,101.46,539,True,0.4695394186791531,7,4.5,0.044492553404856784
PROD_000539,electronics,Generic,76.7,835,True,0.6049016630592268,7,4.1,0.13307327967229643
PROD_000540,toys,BrandC,74.89,709,True,0.7419288809500231,7,3.0,0.08149856689172712
PROD_000541,electronics,Generic,82.26,75,False,0.4929347413111671,6,5.0,0.11825411710241006
PROD_000542,apparel,BrandA,101.1,459,True,0.8792788160298387,4,5.0,0.17518583908374546
PROD_000543,apparel,Generic,6.63,739,False,0.7979278191268695,4,3.9,0.19045439639032255
PROD_000544,toys,Generic,37.92,223,True,0.6066136337063691,5,4.0,0.05487342668615004
PROD_000545,electronics,Generic,6.17,988,True,0.8786476364308652,2,4.5,0.11320035798206425
PROD_000546,home,Generic,56.6,808,True,0.8154324003141359,5,3.3,0.10074269877350572
PROD_000547,beauty,BrandC,54.35,846,True,0.8459339805949124,5,4.5,0.07519555713807145
PROD_000548,beauty,Generic,155.33,81,False,0.793349263587654,4,3.1,0.07167932487726188
PROD_000549,toys,Generic,179.04,579,False,0.28884311426101683,6,4.1,0.05663540574548949
PROD_000550,toys,Generic,66.87,527,False,0.49458224130327033,5,3.3,0.017204220244936334
PROD_000551,home,BrandC,33.1,626,False,0.6406260286307613,7,3.3,0.07703587827214303
PROD_000552,toys,Generic,88.69,850,True,0.7757568231206492,7,5.0,0.04484039974645902
PROD_000553,apparel,BrandD,32.2,353,True,0.4896424994487382,6,4.2,0.17740549961978824
PROD_000554,sports,Generic,54.52,533,True,0.9299325053261798,3,4.4,0.07657818214564782
PROD_000555,beauty,Generic,146.37,679,True,0.7213082489886466,2,2.6,0.04958520289068796
PROD_000556,toys,BrandB,31.26,753,True,0.38776839191466805,3,3.7,0.03921448741536871
PROD_000557,sports,BrandD,122.2,770,True,0.9751022771689898,5,4.6,0.06438565126563242
PROD_000558,toys,BrandA,107.49,336,True,0.6791392389016082,7,4.4,0.08445382965141784
PROD_000559,sports,BrandD,21.01,998,True,0.7370254016772486,7,2.5,0.07060684773264693
PROD_000560,beauty,BrandC,144.59,9,True,0.8778335602329631,5,4.4,0.050006632505127074
PROD_000561,electronics,Generic,109.79,492,True,0.699608919460539,5,4.5,0.1390902969320567
PROD_000562,home,BrandB,60.46,608,True,0.9252340532966598,7,5.0,0.09828608252459145
PROD_000563,apparel,Generic,25.47,61,True,0.7894577589578403,5,3.7,0.195896964098307
PROD_000564,sports,BrandC,23.12,451,True,0.6478853953934355,1,2.4,0.0960573302900307
PROD_000565,apparel,BrandD,31.89,595,True,0.8576122825969565,4,3.4,0.194480066170737
PROD_000566,apparel,BrandD,93.93,607,True,0.847259930846048,3,3.3,0.20746176265212307
PROD_000567,apparel,Generic,21.0,119,True,0.4679933680066791,5,4.8,0.18850045187990747
PROD_000568,beauty,Generic,84.56,277,True,0.9689077462740228,5,2.0,0.01325595306371633
PROD_000569,beauty,BrandD,15.77,244,True,0.7150414164219308,3,3.8,0.03942933587699807
PROD_000570,sports,Generic,44.52,639,True,0.7597195560964465,3,5.0,0.10392740143444175
PROD_000571,home,Generic,60.93,328,True,0.252654752934871,1,4.2,0.06745808132581192
PROD_000572,apparel,BrandC,629.63,571,True,0.6609579782627434,3,4.9,0.21240212278917286
PROD_000573,electronics,Generic,13.77,731,True,0.8233678009625697,6,2.9,0.11873640343667137
PROD_000574,electronics,BrandD,237.94,797,True,0.7826241034143673,5,2.9,0.12170497542718872
PROD_000575,home,BrandA,63.42,183,True,0.6635840591214914,7,5.0,0.10249488397803472
PROD_000576,sports,Generic,82.37,903,True,0.47190598737762846,7,4.3,0.08634300205381414
PROD_000577,beauty,BrandB,61.46,165,True,0.7344393910092853,6,4.3,0.053525540714563724
PROD_000578,sports,BrandC,85.18,21,True,0.46686193793571107,2,3.3,0.10798246967998225
PROD_000579,electronics,Generic,46.82,44,True,0.8939167209531954,3,4.3,0.09055458768332628
PROD_000580,electronics,BrandB,233.7,201,True,0.4281493320776093,1,3.3,0.114294036752249
PROD_000581,sports,Generic,34.59,873,True,0.8733894763786436,1,5.0,0.1065830659075824
PROD_000582,electronics,Generic,169.4,207,True,0.6485736169426629,2,5.0,0.12131200296685188
PROD_000583,electronics,Generic,28.66,693,True,0.9106136501070994,2,4.6,0.1493466762415496
PROD_000584,home,Generic,51.41,418,True,0.5761495208352674,1,3.7,0.04848153283626164
PROD_000585,sports,Generic,18.69,39,True,0.47824682447726896,6,2.2,0.05619996464107733
PROD_000586,toys,Generic,86.06,444,True,0.7295663418628456,4,2.9,0.07539373033245435
PROD_000587,electronics,BrandD,231.63,28,True,0.8472372662860728,5,5.0,0.1373161442986555
PROD_000588,sports,BrandB,50.53,476,True,0.8770754648020885,5,3.4,0.08613499986336333
PROD_000589,sports,Generic,44.84,558,True,0.6145694944870816,7,3.9,0.09800788800091448
PROD_000590,toys,Generic,17.91,521,True,0.5482487962617919,2,4.7,0.07490413955262813
PROD_000591,sports,BrandB,43.41,282,True,0.5443094727005707,3,5.0,0.07372273588296507
PROD_000592,apparel,Generic,11.1,766,True,0.617855433153948,3,4.0,0.16586303249901402
PROD_000593,sports,BrandA,21.91,596,True,0.3712254020476464,4,3.9,0.09379452358397272
PROD_000594,apparel,Generic,68.5,254,True,0.6666932380137824,4,4.3,0.1980817791978744
PROD_000595,toys,BrandC,204.18,434,True,0.8118480796751869,6,3.7,0.036680861472840304
PROD_000596,beauty,BrandA,906.16,108,True,0.7265892822622823,4,3.7,0.04604104736129962
PROD_000597,toys,BrandB,30.37,923,True,0.7191711868142122,2,4.5,0.05511526736591123
PROD_000598,beauty,BrandC,229.36,753,True,0.7368642957086314,4,4.3,0.058359182100855285
PROD_000599,beauty,BrandC,69.67,287,True,0.7591739731404352,7,5.0,0.049826032599823315
PROD_000600,beauty,BrandA,46.93,674,True,0.5139606169404428,5,4.6,0.039082328323942817
PROD_000601,toys,BrandC,84.15,679,True,0.7139717949823827,5,5.0,0.08497131561514812
PROD_000602,toys,BrandB,58.09,609,True,0.8102533364362232,2,3.3,0.0492148503675836
PROD_000603,electronics,BrandD,60.97,54,True,0.7031339555189762,1,4.6,0.11415807273957092
PROD_000604,toys,BrandD,36.29,878,True,0.40841229356825387,2,3.6,0.028170047281607526
PROD_000605,beauty,BrandD,13.49,955,True,0.6535641635076972,1,4.5,0.0357274824630821
PROD_000606,apparel,BrandD,11.66,974,True,0.8449597845475899,4,4.8,0.190321521526781
PROD_000607,beauty,BrandA,104.92,980,True,0.8421783912402604,7,4.2,0.0564120391270972
PROD_000608,sports,BrandA,41.4,928,True,0.8833198949540795,4,5.0,0.10199033980131524
PROD_000609,sports,BrandC,30.08,739,True,0.6041243234760368,5,5.0,0.1010196457189134
PROD_000610,sports,Generic,55.06,56,True,0.7539022368897575,6,5.0,0.1317542807259031
PROD_000611,home,Generic,120.9,465,True,0.6957565806253078,6,4.8,0.0650428234510618
PROD_000612,toys,Generic,65.39,245,True,0.6981946496078931,5,5.0,0.02761152513130423
PROD_000613,home,Generic,28.33,219,True,0.9573446422163454,6,3.1,0.05898894007856952
PROD_000614,toys,Generic,186.1,830,False,0.8943408052697773,2,5.0,0.04592696328336817
PROD_000615,beauty,BrandD,264.86,812,True,0.9379898931014274,3,3.4,0.030513461267661784
PROD_000616,apparel,Generic,89.53,522,True,0.48279641961923037,3,3.7,0.18187321695289707
PROD_000617,apparel,Generic,144.56,736,True,0.4669829447876228,6,4.6,0.20505309811114042
PROD_000618,electronics,Generic,189.04,129,True,0.8187487066410658,3,5.0,0.1507931814593983
PROD_000619,electronics,Generic,169.03,221,True,0.8290031500150234,7,3.3,0.13008617003693207
PROD_000620,home,Generic,100.9,860,True,0.872953053147716,2,3.8,0.12282544430908031
PROD_000621,home,Generic,99.32,451,True,0.9498733773614696,2,4.3,0.07287253886867162
PROD_000622,electronics,Generic,91.8,546,True,0.7877837259661478,6,4.1,0.08734961915995147
PROD_000623,home,BrandD,18.22,462,False,0.6232069147498479,6,4.9,0.1010635613577634
PROD_000624,beauty,Generic,110.03,202,True,0.6248892131082463,5,5.0,0.01322811216501875
PROD_000625,apparel,BrandA,14.07,826,True,0.9579557577760611,3,4.5,0.1648999395460039
PROD_000626,home,Generic,24.67,758,False,0.8500892982452173,1,3.6,0.09040224464845593
PROD_000627,home,Generic,201.05,683,True,0.9146465934475857,3,3.2,0.07795237039902439
PROD_000628,beauty,BrandA,126.5,353,True,0.39390870504281894,4,3.9,0.04618094474256988
PROD_000629,home,Generic,241.63,643,True,0.9037975961251125,3,3.4,0.05638419934359988
PROD_000630,toys,BrandA,41.61,953,True,0.49317366000042345,7,4.6,0.05978395221133326
PROD_000631,apparel,Generic,17.25,649,True,0.8079020481843298,7,4.6,0.20007324977475582
PROD_000632,home,Generic,42.93,494,False,0.7387845117059558,6,3.8,0.08039935833072039
PROD_000633,home,Generic,60.46,270,True,0.4931198607914971,1,5.0,0.06339548240717878
PROD_000634,apparel,Generic,59.09,522,True,0.7878915664834955,1,3.6,0.15504923078805338
PROD_000635,toys,BrandA,169.64,371,True,0.5448392342171459,4,4.1,0.04380810834088843
PROD_000636,apparel,BrandC,38.04,611,True,0.6766609124365695,5,4.7,0.18784667504828717
PROD_000637,apparel,Generic,77.64,45,True,0.5936692693880181,5,4.9,0.1868720452471942
PROD_000638,toys,BrandA,20.32,190,True,0.5558072932910879,3,5.0,0.04398985798808663
PROD_000639,sports,Generic,85.65,786,False,0.8562469158603241,1,4.5,0.04578481156035883
PROD_000640,toys,BrandC,54.77,380,True,0.8161424382038597,3,5.0,0.06840025527344329
PROD_000641,sports,BrandD,25.8,432,True,0.6923822834702024,6,3.7,0.07204585202049497
PROD_000642,sports,Generic,43.13,543,True,0.6337551940747914,7,4.9,0.10378124958030567
PROD_000643,home,Generic,45.41,438,True,0.6208261607974511,7,4.9,0.06487780715744501
PROD_000644,toys,BrandC,41.67,758,False,0.8837410449256542,5,5.0,0.04024199092660382
PROD_000645,apparel,Generic,320.97,245,True,0.6504630298006188,1,2.9,0.1830634381451917
PROD_000646,home,Generic,49.48,758,True,0.8232447122770614,7,3.5,0.12715398460052738
PROD_000647,beauty,BrandD,42.78,209,True,0.6780486146022087,2,4.9,0.06498059982233147
PROD_000648,sports,Generic,6.7,370,True,0.5438372809296376,2,2.1,0.09272438598411703
PROD_000649,sports,Generic,22.33,587,True,0.6585184548302373,7,4.6,0.09717703072761937
PROD_000650,home,BrandC,41.97,885,True,0.4749935425800413,4,5.0,0.044977682770288054
PROD_000651,beauty,Generic,27.5,232,True,0.6617948191988515,2,3.7,0.027553192584948875
PROD_000652,apparel,BrandB,217.39,587,True,0.8046345544943888,4,3.9,0.1297814226990572
PROD_000653,toys,BrandD,46.3,64,True,0.8358229470240696,1,3.3,0.09459747789153244
PROD_000654,beauty,Generic,198.04,75,True,0.7978291846108633,3,3.8,0.08054772058311498
PROD_000655,beauty,Generic,58.07,767,True,0.4394138297041923,7,3.8,0.0578563705242982
PROD_000656,toys,Generic,56.67,718,False,0.5907369455380947,3,3.7,0.06270230206168409
PROD_000657,beauty,BrandC,49.96,376,True,0.36268251125719,7,3.6,0.0189681999500484
PROD_000658,electronics,Generic,54.81,622,True,0.8755260295051468,4,4.0,0.11561400079498617
PROD_000659,apparel,Generic,304.54,380,True,0.5549229220981661,5,4.0,0.21584783756807785
PROD_000660,apparel,Generic,5.37,277,True,0.7746878676721692,5,5.0,0.1826283199639143
PROD_000661,toys,Generic,7.38,431,True,0.709111495313112,4,3.9,0.04870707067576207
PROD_000662,electronics,BrandB,31.72,311,True,0.7495687752324108,1,4.5,0.08483858679992773
PROD_000663,apparel,Generic,55.4,815,True,0.6737984616846091,7,3.7,0.20760611455461608
PROD_000664,beauty,BrandB,108.86,411,True,0.7808612739388852,4,3.7,0.04859832397944688
PROD_000665,toys,Generic,87.63,320,True,0.7615006209463665,5,2.8,0.024865322932743412
PROD_000666,beauty,Generic,37.18,536,True,0.6209973661068112,4,2.9,0.03151468635856916
PROD_000667,sports,BrandC,151.27,758,True,0.5376412843819816,5,3.2,0.06444923965283739
PROD_000668,sports,Generic,152.96,273,True,0.7221631758796415,3,4.3,0.08736512948576056
PROD_000669,electronics,BrandB,65.63,939,True,0.8243705905408812,6,5.0,0.12414677939225637
PROD_000670,sports,Generic,142.97,463,True,0.6224185314611624,2,2.8,0.07993565871442951
PROD_000671,beauty,Generic,71.71,660,True,0.7248784904951676,5,3.8,0.06554093192973763
PROD_000672,beauty,BrandA,31.14,957,True,0.4829879520585801,5,3.1,0.051576044809448836
PROD_000673,electronics,Generic,109.71,431,True,0.7231104975234554,4,4.0,0.14124624770544258
PROD_000674,beauty,Generic,60.98,199,True,0.5841051423642948,1,5.0,0.042856118438385625
PROD_000675,toys,BrandA,54.67,747,True,0.9525809935673702,3,3.8,0.12090651184022291
PROD_000676,beauty,Generic,238.16,6,True,0.47329676421563943,1,4.2,0.03871022553052085
PROD_000677,electronics,BrandC,5.0,457,True,0.8614276757061741,4,5.0,0.10193340016488256
PROD_000678,beauty,Generic,13.23,979,True,0.4875495779422322,5,4.6,0.02947398899808485
PROD_000679,sports,BrandB,16.66,414,False,0.804105269610734,4,3.6,0.08578118546891389
PROD_000680,toys,Generic,37.97,684,True,0.7728517431679943,6,4.3,0.025609278182684322
PROD_000681,electronics,Generic,42.33,525,True,0.7646640136647036,3,3.5,0.1258912568765562
PROD_000682,sports,BrandB,12.09,214,True,0.7872229296421024,3,4.5,0.05189392460870386
PROD_000683,sports,BrandD,20.39,317,True,0.4941308457410552,4,4.6,0.09323341848114462
PROD_000684,apparel,Generic,23.08,523,True,0.7469682009589867,2,3.1,0.15297496511807293
PROD_000685,toys,Generic,637.42,104,True,0.38462882719484964,6,4.3,0.05237413185239814
PROD_000686,home,Generic,330.88,414,True,0.5360730740088907,6,4.1,0.09209080798264718
PROD_000687,beauty,BrandB,36.17,414,True,0.60613188819698,3,4.6,0.09608075367752707
PROD_000688,home,BrandB,37.96,834,True,0.840024509922978,6,4.9,0.058439989584376864
PROD_000689,toys,Generic,17.3,123,False,0.6145529032415533,1,4.6,0.05699365101147216
PROD_000690,sports,Generic,8.1,842,True,0.45826861092089466,2,4.0,0.07552482650448915
PROD_000691,toys,Generic,48.58,410,True,0.6223855362486198,2,4.9,0.04260259354878409
PROD_000692,sports,Generic,20.13,651,True,0.935958591170226,3,3.5,0.0757005334006091
PROD_000693,sports,Generic,50.16,556,True,0.57800794252523,2,3.1,0.10648132951273878
PROD_000694,electronics,BrandA,11.02,299,True,0.7476953025738532,4,1.6,0.11023888271539241
PROD_000695,apparel,BrandB,25.48,930,False,0.945170298968284,6,4.1,0.2249862539654171
PROD_000696,toys,Generic,63.35,224,True,0.9813252071592844,4,3.5,0.06831958511789468
PROD_000697,beauty,Generic,78.74,36,True,0.8673330866321202,4,4.5,0.0297997867765185
PROD_000698,electronics,BrandD,82.89,750,True,0.9560928886359303,1,2.6,0.11266589635709845
PROD_000699,electronics,BrandD,14.58,621,True,0.719830880185023,2,3.7,0.10396306019920021
PROD_000700,beauty,Generic,128.34,890,True,0.959451006187807,6,4.6,0.06600137305893428
PROD_000701,beauty,Generic,24.53,457,False,0.5942213771562447,6,3.4,0.017224406868694947
PROD_000702,apparel,BrandB,102.81,16,True,0.906561025743742,1,4.5,0.15318097239128378
PROD_000703,apparel,Generic,54.02,20,True,0.5913501125889747,1,3.8,0.16816907762501718
PROD_000704,electronics,BrandC,13.79,433,True,0.9226992465650492,6,4.2,0.1336589358627665
PROD_000705,beauty,Generic,39.8,249,True,0.7803253379812091,2,4.7,0.07466120549645545
PROD_000706,electronics,BrandA,78.68,922,True,0.5420691202457533,5,5.0,0.14761084381545686
PROD_000707,beauty,BrandA,100.78,118,True,0.37570148245227064,6,4.3,0.06059603039895061
PROD_000708,home,Generic,47.42,880,True,0.5520289663350922,6,3.5,0.0783422092728396
PROD_000709,home,BrandD,252.59,216,True,0.8799940114221988,4,3.8,0.09589251624627985
PROD_000710,toys,Generic,149.53,119,True,0.6490260920787327,3,4.7,0.037109987651365785
PROD_000711,beauty,BrandA,42.24,274,True,0.4765571199418338,6,3.4,0.013106855559675471
PROD_000712,toys,Generic,115.6,144,True,0.8463820879350622,5,4.1,0.06873275155372978
PROD_000713,toys,Generic,377.58,401,True,0.930980736275565,6,3.9,0.039886431657023
PROD_000714,sports,Generic,387.8,330,True,0.5755795615633138,4,4.1,0.08869386535669038
PROD_000715,toys,BrandB,15.99,529,True,0.8504691493041563,7,3.4,0.06239254031745629
PROD_000716,beauty,BrandD,21.62,537,True,0.392665891164579,6,2.7,0.05496239118356593
PROD_000717,home,BrandD,241.03,0,True,0.6767479198185238,1,4.6,0.09875583077050104
PROD_000718,apparel,Generic,18.95,124,True,0.6966636418669635,3,5.0,0.1966415037658346
PROD_000719,beauty,BrandC,14.55,161,True,0.6760873814212172,6,2.8,0.05390000134335381
PROD_000720,electronics,BrandA,33.58,194,True,0.33790710013029857,1,4.5,0.11115969439061188
PROD_000721,sports,BrandD,83.12,93,True,0.8647537830768447,5,5.0,0.09215524177352641
PROD_000722,sports,BrandC,49.28,314,True,0.779111809385982,3,4.7,0.07807579166650157
PROD_000723,electronics,BrandD,28.49,549,True,0.8111353905694997,2,3.9,0.11607142155987658
PROD_000724,toys,BrandB,27.82,308,True,0.6804651875960165,4,3.4,0.11236346847160827
PROD_000725,electronics,BrandC,26.78,329,True,0.7242334241824631,7,4.3,0.12364379401767081
PROD_000726,toys,Generic,22.66,469,True,0.6428465603923026,7,4.4,0.06900490034075096
PROD_000727,electronics,BrandD,534.66,548,True,0.8860119287097106,3,4.3,0.10589038701939275
PROD_000728,home,BrandD,73.52,330,True,0.6452581519318629,1,4.1,0.10040146832859737
PROD_000729,beauty,Generic,132.52,221,True,0.9222875500197079,7,3.3,0.06520544845326849
PROD_000730,toys,Generic,33.48,409,True,0.7886791920845827,7,4.5,0.07534705109310169
PROD_000731,home,BrandD,45.33,24,True,0.6355953383855362,5,4.6,0.08429782493506927
PROD_000732,sports,Generic,26.75,492,True,0.7263357124464961,5,4.4,0.11068380191533542
PROD_000733,toys,Generic,5.0,941,True,0.6870670935431227,4,4.3,0.08543370393269467
PROD_000734,apparel,Generic,13.76,397,True,0.6903094148179909,1,5.0,0.1856619783869859
PROD_000735,toys,Generic,8.93,108,True,0.6115554624777446,2,3.7,0.05770775281999354
PROD_000736,toys,Generic,5.76,707,True,0.6388319712654997,2,5.0,0.0778914198022952
PROD_000737,home,BrandA,16.52,126,True,0.7975090889735844,7,3.6,0.06191749386880513
PROD_000738,toys,Generic,205.4,193,True,0.7244447415106245,1,5.0,0.045640794387693466
PROD_000739,sports,Generic,52.23,146,True,0.765237433047602,4,5.0,0.08893399314230196
PROD_000740,toys,Generic,198.46,883,True,0.844830044000477,3,4.0,0.02517285863123709
PROD_000741,toys,Generic,82.35,981,True,0.572844945128708,1,5.0,0.07655190547126849
PROD_000742,beauty,BrandA,119.41,569,True,0.7111433929422492,7,4.6,0.03074172225068354
PROD_000743,apparel,Generic,22.18,617,True,0.6737893989132777,1,3.5,0.17057017956996487
PROD_000744,toys,BrandB,92.2,645,True,0.3370592619104795,6,3.9,0.05573440808640458
PROD_000745,home,Generic,113.15,610,True,0.6135904262318989,6,5.0,0.080785736431411
PROD_000746,beauty,Generic,30.67,544,True,0.7124874723973602,6,4.9,0.04312693447153917
PROD_000747,apparel,Generic,95.54,986,True,0.9236118732327329,2,3.4,0.17865257905539303
PROD_000748,apparel,Generic,96.18,733,True,0.5683864569631804,7,4.1,0.1788074473521917
PROD_000749,electronics,Generic,31.51,88,False,0.3902568016198735,5,4.4,0.11105938084745746
PROD_000750,sports,Generic,17.77,391,False,0.7226913402408228,3,3.8,0.0745361108472247
PROD_000751,electronics,Generic,16.71,974,True,0.9666443562007585,5,5.0,0.14162947848711202
PROD_000752,electronics,Generic,59.53,403,True,0.8503737524946074,3,4.4,0.07791188595466594
PROD_000753,sports,Generic,75.72,204,True,0.6469890592774837,2,4.2,0.08588569681981034
PROD_000754,beauty,BrandA,24.72,868,True,0.6196889347994956,3,5.0,0.040622010562315694
PROD_000755,home,Generic,56.07,623,True,0.6325143362149157,4,3.9,0.08837582973452973
PROD_000756,toys,BrandC,96.6,562,True,0.7997241892845574,5,5.0,0.030914144069619825
PROD_000757,home,Generic,101.31,420,True,0.8701803950834281,2,2.9,0.07000429317512792
PROD_000758,electronics,Generic,257.72,124,True,0.8034071487445005,2,3.8,0.11795280532020487
PROD_000759,toys,Generic,195.78,383,True,0.981969229458617,7,5.0,0.08140147220740919
PROD_000760,apparel,BrandB,20.06,437,True,0.6935964333107777,4,5.0,0.18664369933590846
PROD_000761,beauty,BrandD,294.0,931,True,0.8808994834325875,7,3.6,0.026330235782622766
PROD_000762,sports,Generic,32.11,307,False,0.7267366517948403,3,3.5,0.0802504656255868
PROD_000763,sports,BrandC,155.22,149,True,0.6289944238425833,3,4.7,0.10772102705321382
PROD_000764,home,BrandA,58.44,427,True,0.6625309209652123,2,3.7,0.05598450268153865
PROD_000765,toys,Generic,36.16,997,True,0.4047224999230173,4,4.0,0.05842711463255258
PROD_000766,beauty,Generic,8.96,482,True,0.47339199019048694,6,4.9,0.049817590949474494
PROD_000767,home,BrandB,45.99,379,True,0.826499835675486,4,3.8,0.0722843388015847
PROD_000768,electronics,BrandC,11.48,666,True,0.9029600321101825,3,2.6,0.1739150356559783
PROD_000769,home,Generic,143.64,648,False,0.6159351223693922,7,3.2,0.07174537081104902
PROD_000770,beauty,Generic,248.84,299,True,0.5591228783820328,5,4.2,0.058995303187355956
PROD_000771,sports,Generic,24.61,967,True,0.756012990005976,3,2.7,0.07467397759561431
PROD_000772,electronics,BrandD,73.85,592,True,0.33498106951206047,1,4.0,0.13055495983998808
PROD_000773,toys,BrandC,26.43,57,False,0.44618560440982163,4,3.1,0.0774157519370387
PROD_000774,sports,BrandA,29.12,407,True,0.6958030243084103,5,5.0,0.07824071926507804
PROD_000775,sports,Generic,118.45,922,False,0.6781747022737814,7,5.0,0.08890596369562934
PROD_000776,home,BrandA,52.53,393,True,0.8521867737389559,2,3.4,0.06209440460218253
PROD_000777,electronics,BrandA,310.95,567,True,0.7945430286808278,2,4.4,0.09711192375900217
PROD_000778,apparel,Generic,33.71,612,True,0.7372608472891518,7,3.4,0.20073590865000412
PROD_000779,sports,Generic,148.31,704,True,0.7766028834126996,4,4.0,0.07891998108232703
PROD_000780,sports,Generic,60.18,872,True,0.8064054224604605,1,5.0,0.041727753429838595
PROD_000781,beauty,Generic,121.0,149,False,0.7885133614459601,1,3.8,0.08530712312987246
PROD_000782,electronics,Generic,34.91,516,True,0.6412297196325617,4,4.0,0.10395809353874787
PROD_000783,electronics,Generic,51.96,533,True,0.5889562506860837,5,3.4,0.11507253912503938
PROD_000784,home,BrandD,48.64,152,True,0.48447109492570245,2,5.0,0.1128181301098863
PROD_000785,beauty,Generic,23.66,673,False,0.8326306638450223,3,1.6,0.047165158116247205
PROD_000786,electronics,Generic,105.86,118,False,0.6296232175761206,6,3.8,0.11673326795596273
PROD_000787,toys,Generic,104.61,456,True,0.6831801750911971,7,4.2,0.035436539108989334
PROD_000788,beauty,Generic,98.85,330,True,0.7931365666526068,4,3.7,0.01730332600744867
PROD_000789,electronics,Generic,253.91,154,False,0.7988288982348166,3,4.9,0.11667227470807744
PROD_000790,electronics,BrandA,232.61,822,True,0.8581247216175123,3,5.0,0.12725619548149789
PROD_000791,home,BrandD,37.53,244,True,0.6844730829839553,1,3.1,0.08611050816421545
PROD_000792,toys,BrandB,79.29,255,True,0.6791346176403655,1,5.0,0.05037477839061568
PROD_000793,toys,BrandD,29.27,854,True,0.7651988178745853,6,3.1,0.060405155986938845
PROD_000794,home,BrandC,55.89,877,True,0.5847959517291598,1,5.0,0.043255800093440655
PROD_000795,apparel,BrandB,29.97,34,True,0.8435058244722806,6,4.3,0.18920334041390957
PROD_000796,sports,Generic,275.91,277,True,0.7098094347394825,2,3.8,0.09322811689540092
PROD_000797,home,Generic,78.55,708,True,0.646156270063634,5,3.9,0.11947321788365715
PROD_000798,apparel,Generic,43.9,778,True,0.6200176942267962,7,4.2,0.18014959292858093
PROD_000799,home,BrandA,180.12,999,True,0.8663448649932056,6,4.4,0.06114661295707842
PROD_000800,electronics,BrandA,6.23,554,True,0.6046915714942024,6,3.5,0.11898553731822362
PROD_000801,apparel,Generic,7.29,7,True,0.33202711461157836,2,4.0,0.17344400399968327
PROD_000802,beauty,BrandA,121.01,873,True,0.7452569355496791,5,3.6,0.05869415737540796
PROD_000803,sports,BrandC,58.0,161,True,0.7509605997229091,5,3.2,0.09053784123450372
PROD_000804,toys,Generic,70.14,120,True,0.7717624817607672,3,3.5,0.034801065978947124
PROD_000805,toys,BrandC,14.49,674,True,0.5287565772532056,1,3.3,0.02728513423611961
PROD_000806,beauty,BrandB,53.34,603,True,0.44601605257692833,7,3.9,0.055258164052660326
PROD_000807,electronics,Generic,404.85,59,True,0.6509509458431912,2,4.5,0.14766229082138477
PROD_000808,home,Generic,124.49,169,True,0.32443073008872625,7,4.3,0.08158695768103438
PROD_000809,sports,Generic,64.7,589,True,0.5086067189241488,7,5.0,0.10626594707840414
PROD_000810,electronics,BrandD,35.2,255,True,0.9008647633531572,1,2.4,0.140256183084072
PROD_000811,sports,Generic,36.8,684,True,0.837807640064145,6,4.6,0.09533583691589337
PROD_000812,toys,BrandB,6.49,411,True,0.885252209718823,5,4.2,0.04371017024277183
PROD_000813,apparel,Generic,70.64,588,True,0.8234972691914781,2,4.9,0.18390616170091129
PROD_000814,toys,Generic,127.16,474,True,0.5171133887259964,6,4.8,0.08414145775200961
PROD_000815,sports,Generic,11.3,365,True,0.8806906213703591,1,4.1,0.10059781099199828
PROD_000816,electronics,BrandD,28.18,342,True,0.7149166370722047,2,4.3,0.1349649068565731
PROD_000817,electronics,Generic,17.16,697,False,0.5978104472229935,7,3.6,0.11074907516616347
PROD_000818,beauty,BrandA,20.79,514,True,0.8365500764023888,6,4.7,0.04595292480509036
PROD_000819,sports,BrandB,57.6,594,True,0.7434528500892377,1,2.7,0.08762545378199266
PROD_000820,electronics,BrandA,6.79,577,False,0.6677374663590686,2,4.8,0.11897323994926408
PROD_000821,beauty,Generic,100.91,207,True,0.751534486515281,2,4.2,0.07335916632024718
PROD_000822,electronics,BrandC,116.03,913,True,0.86807031392765,1,3.8,0.07305652543323665
PROD_000823,beauty,Generic,42.47,563,True,0.871596539085352,2,4.0,0.050610766091636755
PROD_000824,beauty,BrandA,5.0,718,True,0.9183244255455076,5,4.1,0.04841007248610292
PROD_000825,electronics,Generic,20.16,881,True,0.8791810851229588,1,5.0,0.09256997717111702
PROD_000826,toys,Generic,187.34,924,True,0.7854475701553344,3,5.0,0.0734353443317493
PROD_000827,sports,BrandA,5.0,666,True,0.8108745642480709,3,5.0,0.0755099961611015
PROD_000828,sports,BrandA,38.57,787,True,0.7344559330538055,7,3.7,0.0828593470129368
PROD_000829,electronics,BrandA,16.78,471,True,0.6766402300398658,7,4.7,0.15697563815508087
PROD_000830,apparel,Generic,122.07,737,False,0.6718519324400668,6,4.7,0.2001994729907811
PROD_000831,apparel,BrandC,27.8,321,True,0.7965586542445546,3,3.5,0.19148973878290232
PROD_000832,home,Generic,81.77,711,True,0.664160972230834,4,3.2,0.08761553869288809
PROD_000833,electronics,Generic,96.11,85,True,0.6969039948186435,4,4.1,0.11670639955109315
PROD_000834,sports,Generic,342.48,914,True,0.5813397429423453,7,4.8,0.12998754530740203
PROD_000835,toys,Generic,44.57,244,True,0.8205493105623342,6,2.9,0.07604335262880478
PROD_000836,toys,Generic,79.52,656,True,0.8936682449221651,7,3.6,0.04500900172069495
PROD_000837,apparel,Generic,12.37,11,True,0.4278053256619343,4,4.7,0.15199795443564693
PROD_000838,electronics,BrandB,179.54,155,True,0.8665602107720686,7,4.2,0.1313367600397854
PROD_000839,sports,Generic,25.52,986,True,0.9636227697129985,6,5.0,0.0888826174024311
PROD_000840,apparel,BrandA,31.16,833,True,0.7603858436710575,6,3.1,0.15142123666107665
PROD_000841,beauty,Generic,53.4,222,True,0.4853273743016279,5,5.0,0.05857172331423164
PROD_000842,sports,Generic,11.44,130,True,0.8598932181452364,3,3.0,0.08461945679376959
PROD_000843,electronics,Generic,68.63,814,True,0.5591217968052955,5,2.6,0.1306132985105494
PROD_000844,electronics,Generic,143.66,990,True,0.7776688371328476,3,4.2,0.12883480429161812
PROD_000845,electronics,BrandC,73.18,168,True,0.6267367111413881,5,3.3,0.10783471956912322
PROD_000846,electronics,Generic,11.15,663,True,0.9267167563939804,2,4.2,0.1326568952884841
PROD_000847,electronics,BrandD,48.24,283,True,0.5885252979287365,6,4.1,0.110041898347302
PROD_000848,toys,Generic,114.67,744,False,0.6147717319494546,4,4.0,0.051342362536380574
PROD_000849,beauty,Generic,8.35,418,False,0.5675832212054895,5,3.5,0.03935457186757244
PROD_000850,sports,BrandD,18.64,125,True,0.7368853443244351,2,4.5,0.11261948855612541
PROD_000851,toys,BrandD,131.18,324,True,0.7001724501289497,6,3.9,0.054388552238912785
PROD_000852,sports,BrandC,71.53,538,True,0.6464840117185157,6,5.0,0.11744886361128504
PROD_000853,apparel,BrandD,82.43,798,False,0.761256105499293,2,4.1,0.2156696974037372
PROD_000854,apparel,BrandB,350.55,21,False,0.8538662705369136,3,3.4,0.16522561726291102
PROD_000855,sports,Generic,87.23,957,True,0.5952548019580061,5,2.8,0.031580093706061324
PROD_000856,apparel,Generic,105.41,649,True,0.7268139786937199,7,4.1,0.20089019086542545
PROD_000857,electronics,BrandB,821.18,875,False,0.7983391991847305,6,3.2,0.11316056205279718
PROD_000858,toys,Generic,44.09,930,False,0.8407896520704318,4,3.1,0.04267627173736017
PROD_000859,toys,Generic,24.58,153,True,0.965737858033554,3,4.6,0.04822563787694063
PROD_000860,sports,BrandC,83.75,93,True,0.9284892204226127,7,2.8,0.08170372357267941
PROD_000861,sports,BrandB,84.69,776,True,0.7734395070099241,7,5.0,0.1159438618138748
PROD_000862,electronics,BrandA,32.24,187,False,0.46614126928219257,7,4.3,0.12319822478635029
PROD_000863,toys,BrandA,19.45,147,True,0.866874675415375,3,4.2,0.08567197260216271
PROD_000864,sports,Generic,549.96,468,True,0.8310898347038805,4,3.4,0.0998844023855699
PROD_000865,toys,Generic,75.7,913,True,0.5211974584715529,2,4.8,0.05381538552099031
PROD_000866,toys,BrandA,26.25,795,True,0.8929251556812698,7,4.2,0.05219285593581485
PROD_000867,sports,Generic,136.45,517,True,0.6007459667016948,7,3.7,0.10123217501499202
PROD_000868,home,BrandA,48.95,196,True,0.7409870129550029,2,4.4,0.09640851258665417
PROD_000869,electronics,Generic,42.4,336,True,0.648256408309909,2,2.9,0.13993585371401737
PROD_000870,home,Generic,95.8,688,False,0.6769980578984642,4,2.9,0.07476922977248514
PROD_000871,apparel,BrandD,15.0,157,True,0.635537342509469,3,3.3,0.18350411712808945
PROD_000872,electronics,BrandA,77.68,524,True,0.7179145733938659,4,4.5,0.13168080818510652
PROD_000873,electronics,Generic,369.8,11,True,0.8218425971802148,3,4.2,0.11232069948126276
PROD_000874,toys,Generic,87.02,325,True,0.8882854437037827,5,5.0,0.03730119932394466
PROD_000875,beauty,BrandC,37.48,247,True,0.83743684014174,7,3.5,0.033874578665957535
PROD_000876,beauty,BrandB,32.88,681,True,0.7152920150913158,7,4.7,0.04517929114904029
PROD_000877,toys,BrandB,36.22,914,True,0.49720483863250364,4,4.1,0.07324414278440602
PROD_000878,beauty,Generic,42.35,146,True,0.6982855134151134,6,3.4,0.07517954991144205
PROD_000879,beauty,Generic,37.42,797,True,0.4472132951801054,5,4.5,0.02287905582530759
PROD_000880,electronics,Generic,136.5,655,True,0.7716701526272916,2,4.1,0.10805309972140034
PROD_000881,sports,Generic,9.65,969,False,0.5323365542563846,6,3.7,0.08284275005873495
PROD_000882,home,Generic,129.28,911,True,0.7187202285714505,3,4.2,0.09589434064613288
PROD_000883,electronics,Generic,37.35,100,True,0.5971794340239927,5,4.1,0.10943778929223
PROD_000884,toys,BrandC,79.59,743,True,0.8403480083238766,6,4.1,0.05140535330105056
PROD_000885,toys,Generic,17.69,592,True,0.9213548723356365,7,3.9,0.03176014845699552
PROD_000886,electronics,BrandC,206.16,113,True,0.7531502888037361,7,3.2,0.1296681463194652
PROD_000887,apparel,BrandD,189.74,257,True,0.5967067830347729,6,4.3,0.1767720185080689
PROD_000888,electronics,Generic,142.54,926,True,0.8790261282915083,4,3.6,0.10691909930040806
PROD_000889,apparel,Generic,12.0,542,True,0.7871657484327114,3,3.4,0.17480973551035806
PROD_000890,electronics,Generic,125.1,338,True,0.6004303852867531,4,4.0,0.14253991003862526
PROD_000891,toys,Generic,81.85,320,True,0.7358481495008384,7,4.8,0.03990226183360314
PROD_000892,beauty,Generic,10.97,837,True,0.6193076080701835,2,4.3,0.03316680737792808
PROD_000893,sports,Generic,53.29,283,False,0.7909456674844421,4,3.8,0.11504504894931242
PROD_000894,toys,BrandB,78.61,158,True,0.6401850384886482,5,3.7,0.06151549656037715
PROD_000895,beauty,BrandC,95.21,573,True,0.5275859513863689,1,4.7,0.06339508193423835
PROD_000896,beauty,Generic,65.19,992,True,0.7941821214480594,5,2.3,0.058035038200113735
PROD_000897,electronics,BrandA,73.06,183,True,0.9215478575028674,2,4.8,0.11929330895412103
PROD_000898,electronics,Generic,238.32,255,True,0.8435361056348105,2,2.7,0.11303401761702886
PROD_000899,beauty,BrandB,186.05,469,False,0.7332573424128174,5,3.1,0.06663116044967637
PROD_000900,electronics,BrandB,5.0,199,True,0.8124345843718176,1,3.8,0.1432467313562231
PROD_000901,electronics,Generic,39.75,650,True,0.8429697222694101,2,5.0,0.14168376694032192
PROD_000902,apparel,BrandA,46.31,253,True,0.6656121955891213,4,5.0,0.15629056732704633
PROD_000903,sports,Generic,9.47,128,True,0.6837899955076356,5,4.8,0.11609822035688658
PROD_000904,home,Generic,59.99,261,True,0.8108509405629395,1,4.5,0.0728412949160471
PROD_000905,toys,BrandA,190.33,930,True,0.8836341503244617,3,2.7,0.04489940924910331
PROD_000906,home,Generic,18.42,934,True,0.9474447487927062,3,4.3,0.07661344606463054
PROD_000907,apparel,Generic,76.43,505,True,0.45844814247544635,4,3.8,0.19662256870497463
PROD_000908,home,Generic,21.85,400,True,0.5918195950273941,3,3.5,0.09080928368056125
PROD_000909,electronics,Generic,27.88,819,True,0.6061268436872866,1,4.3,0.11489227176291464
PROD_000910,toys,Generic,239.22,194,True,0.8685136515182419,4,3.8,0.0767533173375595
PROD_000911,apparel,Generic,31.74,653,True,0.8609311637423267,6,4.9,0.1827972116151887
PROD_000912,home,BrandD,86.68,680,True,0.721723217168093,5,2.7,0.06854057068921252
PROD_000913,sports,Generic,8.4,710,True,0.811624433730779,3,4.3,0.07583929434083013
PROD_000914,beauty,Generic,351.54,217,True,0.7946057655922976,4,3.5,0.058204696888432404
PROD_000915,home,Generic,99.75,716,False,0.8402379757879092,1,3.9,0.07834964528368797
PROD_000916,beauty,Generic,45.49,611,True,0.8337281041695094,2,4.4,0.022489896931727277
PROD_000917,toys,Generic,97.08,875,True,0.902801657190414,4,3.3,0.07694322986139006
PROD_000918,apparel,Generic,13.33,174,False,0.8458249420912584,5,4.3,0.1703944994275116
PROD_000919,beauty,Generic,178.13,613,True,0.8258355356171244,4,4.0,0.0818423929597759
PROD_000920,sports,BrandB,39.49,829,True,0.7900871768217821,7,3.7,0.06194020029690578
PROD_000921,beauty,BrandC,44.52,278,True,0.7225392690219231,5,3.8,0.04638582807219978
PROD_000922,home,Generic,33.39,743,True,0.7779319138695978,1,4.1,0.06600044631121545
PROD_000923,electronics,Generic,30.55,99,False,0.8178368896106597,4,3.6,0.10049154959245322
PROD_000924,apparel,Generic,109.36,718,True,0.892573388181954,5,4.2,0.17026418566483245
PROD_000925,sports,BrandA,70.52,606,False,0.824770783314001,1,4.0,0.12541135218073962
PROD_000926,beauty,Generic,104.77,192,True,0.5638148742704278,3,3.7,0.052867403401590074
PROD_000927,apparel,Generic,54.12,66,True,0.5059667398832308,7,5.0,0.16416583922405142
PROD_000928,home,Generic,91.21,745,True,0.7146137971248371,3,4.5,0.0434274317932519
PROD_000929,beauty,Generic,35.91,241,True,0.8852495744546839,4,3.9,0.015572749073046278
PROD_000930,beauty,Generic,507.62,497,True,0.874600839257216,2,4.3,0.0392707371176253
PROD_000931,toys,Generic,11.38,60,True,0.7015253662971577,1,3.4,0.04732624031722679
PROD_000932,apparel,Generic,192.66,963,True,0.6281209385296638,3,3.9,0.17551898587531028
PROD_000933,beauty,Generic,214.41,548,True,0.6007136029990199,6,3.9,0.01
PROD_000934,home,Generic,23.29,931,True,0.8870546769992369,7,3.2,0.07816636809906934
PROD_000935,sports,Generic,507.39,160,False,0.7354760136021501,5,4.5,0.11055459550294215
PROD_000936,electronics,BrandB,147.75,205,True,0.8256364435934341,6,3.8,0.1524568249472839
PROD_000937,electronics,BrandC,144.19,610,True,0.7784618745615237,5,3.9,0.08211107704165721
PROD_000938,home,Generic,56.15,604,True,0.5571178178653613,5,3.7,0.06397214481521689
PROD_000939,beauty,Generic,43.94,790,True,0.8015686270162358,3,5.0,0.0329153227805093
PROD_000940,toys,Generic,44.28,928,False,0.709122019581595,1,3.7,0.062914428550513
PROD_000941,home,BrandA,80.68,821,True,0.26696815874921764,3,2.5,0.05560455064247093
PROD_000942,sports,Generic,221.67,140,True,0.6008806279594145,7,2.9,0.12364526497453361
PROD_000943,home,BrandC,65.45,309,True,0.584770112455139,4,4.8,0.0808704494337148
PROD_000944,electronics,Generic,21.95,913,True,0.8449017154777548,6,5.0,0.11753707421401575
PROD_000945,electronics,Generic,124.52,548,False,0.5389840692255751,1,3.7,0.15185427467565554
PROD_000946,sports,Generic,137.16,867,True,0.8858559825163782,2,5.0,0.08967904751833303
PROD_000947,electronics,Generic,105.07,563,True,0.5657303259839918,3,4.8,0.12800606812997378
PROD_000948,sports,BrandD,115.07,49,True,0.710147672129987,3,4.0,0.07498403453415901
PROD_000949,apparel,Generic,41.64,472,False,0.8837217766142249,7,4.0,0.15258995869891231
PROD_000950,electronics,Generic,21.56,824,False,0.7979894159214257,4,4.3,0.10779276736991539
PROD_000951,apparel,Generic,22.92,655,True,0.7548534633477036,5,4.9,0.22373951677889647
PROD_000952,beauty,Generic,10.64,132,True,0.7639915348053917,5,4.5,0.06266041896573912
PROD_000953,home,BrandD,69.2,210,True,0.6598536981160461,3,3.7,0.085490696742221
PROD_000954,toys,BrandA,50.23,854,True,0.7751160325605838,7,4.1,0.040472532196296006
PROD_000955,beauty,BrandB,35.16,979,True,0.7500137602144962,2,5.0,0.06822501601967693
PROD_000956,home,BrandB,5.0,752,True,0.40437605512068886,1,4.4,0.05284613451372417
PROD_000957,beauty,BrandD,15.68,98,False,0.6767767054236471,6,4.9,0.01865887100635238
PROD_000958,sports,Generic,167.48,619,True,0.8161518986990476,5,4.6,0.07882225754236707
PROD_000959,home,Generic,28.09,829,True,0.7488007915799035,2,4.4,0.11908981823922896
PROD_000960,electronics,BrandC,78.3,640,True,0.7929004436456905,7,4.3,0.15795788464785224
PROD_000961,home,BrandB,13.59,594,True,0.6444195110127369,2,4.9,0.07097526143498913
PROD_000962,sports,BrandD,230.14,467,True,0.6207432644519169,2,4.8,0.07651601963604031
PROD_000963,apparel,Generic,47.27,244,True,0.7206372541676922,2,4.4,0.1471927591888044
PROD_000964,sports,BrandD,72.97,280,False,0.7592837303473189,2,3.6,0.09156061451040168
PROD_000965,beauty,Generic,558.79,745,True,0.8309944555512668,6,4.5,0.05324025503976239
PROD_000966,beauty,Generic,248.75,69,True,0.7671790190853346,5,4.1,0.06579112508393825
PROD_000967,apparel,BrandB,40.18,84,True,0.8522009733637778,5,4.0,0.19821415026650327
PROD_000968,sports,Generic,30.17,396,True,0.5653146896254628,7,5.0,0.08605156164670734
PROD_000969,electronics,Generic,39.43,774,True,0.5691538401729362,1,3.0,0.1311205574951917
PROD_000970,apparel,Generic,90.91,657,False,0.7213871135542061,5,5.0,0.16598722264306928
PROD_000971,home,BrandA,49.15,589,True,0.6174096300658389,1,3.5,0.09074085066721371
PROD_000972,home,Generic,36.77,534,True,0.8348529049536205,7,4.3,0.06985535843630883
PROD_000973,home,Generic,236.79,110,True,0.5150648984639269,5,5.0,0.08918917031933876
PROD_000974,electronics,Generic,48.71,331,True,0.7109557160683467,6,3.4,0.1275700265057073
PROD_000975,apparel,Generic,544.35,79,True,0.8496933263778447,4,3.6,0.18137607251390128
PROD_000976,electronics,BrandC,59.78,758,True,0.8730814544361984,3,4.2,0.13589079436318707
PROD_000977,beauty,Generic,325.49,750,True,0.8703888430186848,5,3.5,0.018592018572786292
PROD_000978,home,Generic,78.05,258,True,0.5693654038699659,6,4.9,0.0587016756355812
PROD_000979,beauty,BrandA,143.02,292,True,0.6703093776092695,2,3.8,0.044598806528939314
PROD_000980,beauty,Generic,26.45,317,True,0.6055223279637696,7,4.7,0.021134732246533543
PROD_000981,toys,Generic,23.25,889,True,0.6688727153226883,6,3.1,0.05186270970890589
PROD_000982,beauty,Generic,86.46,488,True,0.7736798808905164,1,2.8,0.042507394098448996
PROD_000983,beauty,BrandC,146.72,762,False,0.8841089388639267,7,4.0,0.07619367573333388
PROD_000984,beauty,BrandA,56.84,448,True,0.8535604664348445,2,2.9,0.05285067404582925
PROD_000985,beauty,Generic,15.08,698,True,0.8984437306930285,5,5.0,0.07058859152127757
PROD_000986,beauty,Generic,14.01,528,False,0.8557756983683211,1,3.0,0.056033494376194364
PROD_000987,apparel,Generic,13.1,278,True,0.7539134145609954,2,3.4,0.16928665457535869
PROD_000988,apparel,Generic,9.32,876,True,0.8232479329398287,5,4.5,0.18267433615493023
PROD_000989,toys,Generic,60.92,708,True,0.6460124763327686,5,3.7,0.07458852667864346
PROD_000990,home,Generic,168.18,769,True,0.9511648897597628,5,3.0,0.10386802652885162
PROD_000991,beauty,BrandB,53.87,948,True,0.7662767516783021,3,5.0,0.047353798741311334
PROD_000992,apparel,BrandA,5.69,248,True,0.855341213698265,6,3.4,0.14704978712294112
PROD_000993,home,BrandC,45.12,91,True,0.9088595356152274,1,4.0,0.04564395485156197
PROD_000994,beauty,Generic,46.4,582,True,0.8812716310793653,6,4.0,0.04347174779766227
PROD_000995,beauty,BrandB,444.08,326,False,0.533361364091008,3,4.8,0.01
PROD_000996,beauty,BrandC,12.72,435,True,0.695560834957658,5,4.6,0.08590208931473661
PROD_000997,home,Generic,36.94,234,True,0.7479057238930163,7,3.5,0.09193866462799467
PROD_000998,sports,BrandC,300.62,398,True,0.46651335019781176,2,3.9,0.0772866598100551
PROD_000999,beauty,BrandB,85.63,393,True,0.6254342665196829,3,4.0,0.027807048119824086
